row_id,row_type,bone,cube_id,cube_index,parent_bone,Mustang origin,Mustang size,Mustang inflate,Mustang pivot,Mustang rotation,Ardennes origin,Ardennes size,Ardennes inflate,Ardennes pivot,Ardennes rotation,Kladruber origin,Kladruber size,Kladruber inflate,Kladruber pivot,Kladruber rotation,Fjord origin,Fjord size,Fjord inflate,Fjord pivot,Fjord rotation,Thoroughbred origin,Thoroughbred size,Thoroughbred inflate,Thoroughbred pivot,Thoroughbred rotation,Friesian origin,Friesian size,Friesian inflate,Friesian pivot,Friesian rotation,Irish Cob origin,Irish Cob size,Irish Cob inflate,Irish Cob pivot,Irish Cob rotation,American Quarter origin,American Quarter size,American Quarter inflate,American Quarter pivot,American Quarter rotation,Percheron origin,Percheron size,Percheron inflate,Percheron pivot,Percheron rotation,Selle Francais origin,Selle Francais size,Selle Francais inflate,Selle Francais pivot,Selle Francais rotation,Marwari origin,Marwari size,Marwari inflate,Marwari pivot,Marwari rotation,Mongolian origin,Mongolian size,Mongolian inflate,Mongolian pivot,Mongolian rotation,Shire origin,Shire size,Shire inflate,Shire pivot,Shire rotation,Akhal-Teke origin,Akhal-Teke size,Akhal-Teke inflate,Akhal-Teke pivot,Akhal-Teke rotation,American Soldier origin,American Soldier size,American Soldier inflate,American Soldier pivot,American Soldier rotation,Welsh origin,Welsh size,Welsh inflate,Welsh pivot,Welsh rotation,Connemara origin,Connemara size,Connemara inflate,Connemara pivot,Connemara rotation,Haflinger origin,Haflinger size,Haflinger inflate,Haflinger pivot,Haflinger rotation,Oldenburger origin,Oldenburger size,Oldenburger inflate,Oldenburger pivot,Oldenburger rotation,Shetland origin,Shetland size,Shetland inflate,Shetland pivot,Shetland rotation,Standardbred origin,Standardbred size,Standardbred inflate,Standardbred pivot,Standardbred rotation,Trakehner origin,Trakehner size,Trakehner inflate,Trakehner pivot,Trakehner rotation,Boulonnais origin,Boulonnais size,Boulonnais inflate,Boulonnais pivot,Boulonnais rotation
body,bone,body,,,,,,,"[0, 18.94261, 0]",,,,,"[0, 18.94261, 0]",,,,,"[0, 20.45802, 0]",,,,,"[0, 17.04548, 0]",,,,,"[0, 20.83687, 0]",,,,,"[0, 21.93687, 0]",,,,,"[0, 17.94261, 0]",,,,,"[0, 18.94261, 0]",,,,,"[0, 22.67431, 0]",,,,,"[0, 18.94261, 0]",,,,,"[0, 18.94261, 0]",,,,,"[0, 16.14835, 0]",,,,,"[0, 23.93113, 0]",,,,,"[0, 19.79503, 0]",,,,,"[0, 21.73113, 0]",,,,,"[0, 14.15409, 0]",,,,,"[0, 15.15409, 0]",,,,,"[0, 17.99548, 0]",,,,,"[0, 19.88974, 0]",,,,,"[0, 11.88626, 0]",,,,,"[0, 19.54261, 0]",,,,,"[0, 18.94261, 0]",,,,,"[0, 19.83687, 0]",
body_piv,bone,body_piv,,,body,,,,"[0, 18.9426, 0]",,,,,"[0, 18.9426, 0]",,,,,"[0, 20.45801, 0]",,,,,"[0, 17.04547, 0]",,,,,"[0, 20.83686, 0]",,,,,"[0, 21.93686, 0]",,,,,"[0, 17.9426, 0]",,,,,"[0, 18.9426, 0]",,,,,"[0, 22.6743, 0]",,,,,"[0, 18.9426, 0]",,,,,"[0, 18.9426, 0]",,,,,"[0, 16.14834, 0]",,,,,"[0, 23.93112, 0]",,,,,"[0, 19.79502, 0]",,,,,"[0, 21.73112, 0]",,,,,"[0, 14.15408, 0]",,,,,"[0, 15.15408, 0]",,,,,"[0, 17.99547, 0]",,,,,"[0, 19.88973, 0]",,,,,"[0, 11.88626, 0]",,,,,"[0, 19.5426, 0]",,,,,"[0, 18.9426, 0]",,,,,"[0, 19.83686, 0]",
body_piv_c1,cube,body_piv,body_piv_c1,1,body_piv,"[-4.94261, 13.8393, -3.95409]","[9.88522, 11.86226, 7.90818]",0,,,"[-4.94261, 13.3393, -3.95409]","[9.88522, 12.36226, 7.90818]",0,,,"[-5.33802, 14.94644, -4.27042]","[10.67604, 12.81124, 8.54084]",0,,,"[-4.69548, 12.19734, -3.75639]","[9.39096, 11.26914, 7.51278]",0,,,"[-5.43687, 15.69323, -4.5695]","[10.87374, 2.35247, 8.919]",-0.01,"[0, 16.85697, -0.11]","[2.5, 0, 0]","[-5.43687, 16.10323, -4.3495]","[10.87374, 13.26849, 8.699]",0,,,"[-4.94261, 12.3393, -3.95409]","[9.88522, 12.36226, 7.90818]",0,,,"[-4.94261, 14.0393, -3.95409]","[9.88522, 2.41839, 7.90818]",-0.01,"[0, 17.99339, 0]","[2.5, 0, 0]","[-5.91631, 16.18564, -4.73304]","[11.83262, 14.57913, 9.46608]",0,,,"[-4.94261, 13.8393, -3.95409]","[9.88522, 11.86226, 7.90818]",0,,,"[-4.94261, 14.3393, -3.95409]","[9.88522, 11.36226, 7.90818]",0,,,"[-4.44835, 11.55537, -3.55868]","[8.8967, 10.67603, 7.11736]",0,,,"[-5.93113, 17.80716, -4.74491]","[11.86226, 14.23471, 9.48982]",0,,,"[-5.16503, 15.40117, -4.42756]","[10.33006, 2.38485, 8.47304]",-0.01,"[0, 16.44359, -0.19104]","[5, 0, 0]","[-5.93113, 15.60716, -4.74491]","[11.86226, 14.23471, 9.48982]",0,,,"[-3.95409, 10.07144, -3.16327]","[7.90818, 9.48981, 6.32654]",0,,,"[-3.95409, 11.07144, -3.16327]","[7.90818, 9.48981, 6.32654]",0,,,"[-4.69548, 13.14734, -3.75639]","[9.39096, 11.26915, 7.51277]",0,,,"[-5.18924, 14.53176, -4.36129]","[10.37848, 2.45956, 8.40759]",-0.01,"[0, 18.68306, -0.105]","[2.5, 0, 0]","[-3.33626, 7.92402, -2.66901]","[6.67253, 8.52453, 4.88803]",0,,,"[-4.94261, 14.3393, -4.15409]","[9.88522, 2.46839, 8.10818]",-0.01,"[0, 18.59339, 0]","[2.5, 0, 0]","[-4.94261, 13.8393, -3.95409]","[9.88522, 11.86226, 7.90818]",0,,,"[-5.43687, 14.22323, -4.3495]","[10.87374, 13.04849, 8.699]",0,,
body_piv_c2,cube,body_piv,body_piv_c2,2,body_piv,"[0.29713, 14.26, -14.23414]","[4.94146, 11.86111, 10.77374]",0.05,"[0, 20.33883, -7.90817]","[-5, 0, 0]","[0.29713, 13.76, -14.23414]","[4.94146, 12.36111, 10.77374]",0.05,"[0, 20.33883, -7.90817]","[-5, 0, 0]","[0.3169, 15.3968, -15.37687]","[5.34478, 12.818, 11.64364]",0.05,"[0, 21.96594, -8.54082]","[-5, 0, 0]","[0.28477, 12.5995, -13.51993]","[4.68939, 11.26305, 10.23005]",0.05,"[0, 18.37189, -7.51276]","[-5, 0, 0]","[-5.43687, 17.8207, -4.5695]","[10.87374, 10.51602, 8.919]",0,,,"[0.32184, 16.561, -15.66255]","[5.44561, 13.27722, 11.86111]",0.05,"[0, 23.47271, -8.69899]","[-5, 0, 0]","[0.29713, 12.76, -14.23414]","[4.94146, 12.36111, 10.77374]",0.05,"[0, 19.33883, -7.90817]","[-5, 0, 0]","[-4.94261, 16.05769, -3.95409]","[9.88522, 9.84387, 7.90818]",0,,,"[0.34581, 16.67937, -17.04812]","[5.93463, 14.59745, 12.91588]",0.05,"[0, 24.34558, -9.46608]","[-5, 0, 0]","[0.29713, 14.26, -14.23414]","[4.94146, 11.86111, 10.77374]",0.05,"[0, 20.33883, -7.90817]","[-5, 0, 0]","[0.29713, 14.76, -14.23414]","[4.94146, 11.36111, 10.77374]",0.05,"[0, 20.33883, -7.90817]","[-5, 0, 0]","[0.27242, 11.939, -12.80573]","[4.43731, 10.665, 9.68637]",0.05,"[0, 17.40495, -7.11735]","[-5, 0, 0]","[0.34656, 18.302, -17.09097]","[5.94975, 14.25333, 12.94849]",0.05,"[0, 25.6066, -9.4898]","[-5, 0, 0]","[-5.16503, 17.38592, -4.34102]","[10.33006, 9.46771, 8.47304]",0,,,"[0.34656, 16.102, -17.09097]","[5.94975, 14.25333, 12.94849]",0.05,"[0, 23.4066, -9.4898]","[-5, 0, 0]","[0.2477, 10.418, -11.37731]","[3.93317, 9.46889, 8.59899]",0.05,"[0, 15.27106, -6.32654]","[-5, 0, 0]","[0.2477, 11.418, -11.37731]","[3.93317, 9.46889, 8.59899]",0.05,"[0, 16.27106, -6.32654]","[-5, 0, 0]","[0.28477, 13.5495, -13.51993]","[4.68939, 11.26305, 10.23005]",0.05,"[0, 19.32189, -7.51276]","[-5, 0, 0]","[-5.18974, 16.78182, -4.15179]","[10.37948, 10.20481, 8.30359]",0,,,"[0.21681, 8.08925, -9.59179]","[3.30298, 8.49125, 7.23977]",0.05,"[0, 12.69371, -5.33802]","[-2.5, 0, 0]","[-4.94261, 16.60769, -3.95409]","[9.88522, 9.69387, 7.90818]",0,,,"[0.29713, 14.26, -14.23414]","[4.94146, 11.86111, 10.77374]",0.05,"[0, 20.33883, -7.90817]","[-5, 0, 0]","[0.32184, 14.681, -15.66255]","[5.44561, 13.05722, 11.86111]",0.05,"[0, 21.37271, -8.69899]","[-5, 0, 0]"
body_piv_c3,cube,body_piv,body_piv_c3,3,body_piv,"[-5.23859, 14.26, -14.23414]","[4.94146, 11.86111, 10.77374]",0.05,"[0, 20.33883, -7.90817]","[-5, 0, 0]","[-5.23859, 13.76, -14.23414]","[4.94146, 12.36111, 10.77374]",0.05,"[0, 20.33883, -7.90817]","[-5, 0, 0]","[-5.66168, 15.3968, -15.37687]","[5.34478, 12.818, 11.64364]",0.05,"[0, 21.96594, -8.54082]","[-5, 0, 0]","[-4.97416, 12.5995, -13.51993]","[4.68939, 11.26305, 10.23005]",0.05,"[0, 18.37189, -7.51276]","[-5, 0, 0]","[0.32184, 15.901, -15.66255]","[5.44561, 12.83722, 11.86111]",0.05,"[0, 22.37271, -8.69899]","[-5, 0, 0]","[-5.76745, 16.561, -15.66255]","[5.44561, 13.27722, 11.86111]",0.05,"[0, 23.47271, -8.69899]","[-5, 0, 0]","[-5.23859, 12.76, -14.23414]","[4.94146, 12.36111, 10.77374]",0.05,"[0, 19.33883, -7.90817]","[-5, 0, 0]","[0.29713, 14.06, -14.23414]","[4.94146, 12.06111, 10.77374]",0.05,"[0, 20.13883, -7.90817]","[-2.5, 0, 0]","[-6.28044, 16.67937, -17.04812]","[5.93463, 14.59745, 12.91588]",0.05,"[0, 24.34558, -9.46608]","[-5, 0, 0]","[-5.23859, 14.26, -14.23414]","[4.94146, 11.86111, 10.77374]",0.05,"[0, 20.33883, -7.90817]","[-5, 0, 0]","[-5.23859, 14.76, -14.23414]","[4.94146, 11.36111, 10.77374]",0.05,"[0, 20.33883, -7.90817]","[-5, 0, 0]","[-4.70973, 11.939, -12.80573]","[4.43731, 10.665, 9.68637]",0.05,"[0, 17.40495, -7.11735]","[-5, 0, 0]","[-6.29631, 18.302, -17.09097]","[5.94975, 14.25333, 12.94849]",0.05,"[0, 25.6066, -9.4898]","[-5, 0, 0]","[0.30825, 15.39345, -14.87692]","[5.16833, 11.90536, 11.26305]",0.05,"[0, 21.25407, -8.26404]","[-5, 0, 0]","[-6.29631, 16.102, -17.09097]","[5.94975, 14.25333, 12.94849]",0.05,"[0, 23.4066, -9.4898]","[-5, 0, 0]","[-4.18087, 10.418, -11.37731]","[3.93317, 9.46889, 8.59899]",0.05,"[0, 15.27106, -6.32654]","[-5, 0, 0]","[-4.18087, 11.418, -11.37731]","[3.93317, 9.46889, 8.59899]",0.05,"[0, 16.27106, -6.32654]","[-5, 0, 0]","[-4.97416, 13.5495, -13.51993]","[4.68939, 11.26305, 10.23005]",0.05,"[0, 19.32189, -7.51276]","[-5, 0, 0]","[0.30949, 14.7605, -14.94835]","[5.19353, 12.66917, 11.31743]",0.05,"[0, 21.35577, -8.30358]","[-5, 0, 0]","[-3.5198, 8.08925, -9.59179]","[3.30298, 8.49125, 7.23977]",0.05,"[0, 12.69371, -5.33802]","[-2.5, 0, 0]","[0.29713, 14.56, -14.23414]","[4.94146, 12.16111, 10.77374]",0.05,"[0, 20.93883, -7.90817]","[-5, 0, 0]","[-5.23859, 14.26, -14.23414]","[4.94146, 11.86111, 10.77374]",0.05,"[0, 20.33883, -7.90817]","[-5, 0, 0]","[-5.76745, 14.681, -15.66255]","[5.44561, 13.05722, 11.86111]",0.05,"[0, 21.37271, -8.69899]","[-5, 0, 0]"
body_piv_c4,cube,body_piv,body_piv_c4,4,body_piv,"[-5.13974, 14.34672, 3.46956]","[10.27948, 11.86111, 10.87259]",0.05,"[0, 20.27727, 8.90586]","[5, 0, 0]","[-5.13974, 13.84672, 3.46956]","[10.27948, 12.36111, 10.87259]",0.05,"[0, 20.27727, 8.90586]","[5, 0, 0]","[-5.55492, 15.00446, 3.74312]","[11.10984, 12.818, 11.7504]",0.05,,,"[-4.88025, 12.68188, 3.29858]","[9.7605, 11.26306, 10.32396]",0.05,"[0, 18.31341, 8.46057]","[5, 0, 0]","[-5.76745, 15.901, -15.66255]","[5.44561, 12.83722, 11.86111]",0.05,"[0, 22.37271, -8.69899]","[-5, 0, 0]","[-5.65871, 16.65639, 3.81152]","[11.31742, 13.27722, 11.96985]",0.05,"[0, 23.405, 9.79645]","[5, 0, 0]","[-5.13974, 12.84672, 3.46956]","[10.27948, 12.36111, 10.87259]",0.05,"[0, 19.27727, 8.90586]","[5, 0, 0]","[-5.23859, 14.06, -14.23414]","[4.94146, 12.06111, 10.77374]",0.05,"[0, 20.13883, -7.90817]","[-2.5, 0, 0]","[-6.16212, 16.78318, 4.14322]","[12.32424, 14.59745, 13.03418]",0.05,"[0, 24.27189, 10.66031]","[5, 0, 0]","[-5.13974, 13.88532, 3.51277]","[10.27948, 11.96111, 10.87259]",0.05,,,"[-5.13974, 14.84672, 3.46956]","[10.27948, 11.36111, 10.87259]",0.05,"[0, 20.27727, 8.90586]","[5, 0, 0]","[-4.62077, 12.01705, 3.1276]","[9.24154, 10.665, 9.77534]",0.05,"[0, 17.34954, 8.01527]","[5, 0, 0]","[-6.17769, 18.40606, 4.15347]","[12.35538, 14.25334, 13.06711]",0.05,"[0, 25.53272, 10.68703]","[5, 0, 0]","[-5.47658, 15.39345, -14.87692]","[5.16833, 11.90536, 11.26305]",0.05,"[0, 21.25407, -8.26404]","[-5, 0, 0]","[-6.17769, 16.20606, 4.15347]","[12.35538, 14.25334, 13.06711]",0.05,"[0, 23.33272, 10.68703]","[5, 0, 0]","[-4.10179, 10.48738, 2.78565]","[8.20358, 9.46888, 8.67807]",0.05,"[0, 15.22182, 7.12469]","[5, 0, 0]","[-4.10179, 11.48738, 2.78565]","[8.20358, 9.46889, 8.67807]",0.05,"[0, 16.22182, 7.12469]","[5, 0, 0]","[-4.88025, 13.63188, 3.29858]","[9.76051, 11.26305, 10.32396]",0.05,"[0, 19.26341, 8.46057]","[5, 0, 0]","[-5.50302, 14.7605, -14.94835]","[5.19353, 12.66917, 11.31743]",0.05,"[0, 21.35577, -8.30358]","[-5, 0, 0]","[-3.45307, 8.12529, 1.9082]","[6.90614, 8.46875, 7.3065]",0.05,"[0, 12.65216, 5.56146]","[2.5, 0, 0]","[-5.23859, 14.56, -14.23414]","[4.94146, 12.16111, 10.77374]",0.05,"[0, 20.93883, -7.90817]","[-5, 0, 0]","[-5.13974, 13.84672, 3.46956]","[10.27948, 11.86111, 10.87259]",0.05,,,"[-5.65871, 14.77639, 3.81152]","[11.31743, 13.05722, 11.96985]",0.05,"[0, 21.305, 9.79645]","[5, 0, 0]"
body_piv_c5,cube,body_piv,body_piv_c5,5,body_piv,"[-4.94261, 14.82782, -13.8393]","[9.88522, 10.87374, 9.88521]",0,,,"[-4.94261, 14.32782, -13.8393]","[9.88522, 11.37374, 9.88521]",0,,,"[-5.33802, 16.01405, -14.94644]","[10.67604, 11.74363, 10.67602]",0,,,"[-4.69548, 13.13643, -13.14733]","[9.39096, 10.33005, 9.39094]",0,,,"[-5.65871, 15.50139, 3.81152]","[11.31742, 12.82722, 11.96985]",0.05,,,"[-5.43687, 17.1906, -15.22323]","[10.87374, 12.18112, 10.87373]",0,,,"[-4.94261, 13.32782, -13.8393]","[9.88522, 11.37374, 9.88521]",0,,,"[-5.13974, 13.43315, 3.51268]","[10.27948, 12.26111, 10.87259]",0.05,"[0, 18.87672, 8.77197]","[-2.5, 0, 0]","[-5.91631, 17.3689, -16.56564]","[11.83262, 13.39587, 11.8326]",0,,,"[-4.94261, 14.82782, -13.8393]","[9.88522, 10.87374, 9.88521]",0,,,"[-4.94261, 15.32782, -13.8393]","[9.88522, 10.37374, 9.88521]",0,,,"[-4.44835, 12.44504, -12.45537]","[8.8967, 9.78636, 8.89669]",0,,,"[-5.93113, 18.99338, -16.60716]","[11.86226, 13.04849, 11.86225]",0,,,"[-5.37327, 15.45507, 3.62344]","[10.74654, 11.42086, 11.36636]",0.05,,,"[-5.93113, 16.79338, -16.60716]","[11.86226, 13.04849, 11.86225]",0,,,"[-3.95409, 10.86226, -11.07144]","[7.90818, 8.69899, 7.90817]",0,,,"[-3.95409, 11.86226, -11.07144]","[7.90818, 8.69899, 7.90817]",0,,,"[-4.69548, 14.08643, -13.14733]","[9.39096, 10.33005, 9.39095]",0,,,"[-5.39923, 14.64156, 3.64054]","[10.79845, 12.35417, 11.42122]",0.05,,,"[-3.33626, 9.10877, -9.34152]","[6.67253, 7.33978, 6.67251]",0,,,"[-5.13974, 14.34672, 3.46956]","[10.27948, 11.96111, 10.87259]",0.05,,,"[-4.94261, 14.82782, -13.8393]","[9.88522, 10.87374, 9.88521]",0,,,"[-5.43687, 15.3106, -15.22323]","[10.87374, 11.96111, 10.87373]",0,,
saddle,bone,saddle,,,body_piv,,,,"[0, 22.81014, -2.88319]",,,,,"[0, 22.81014, -2.88319]",,,,,"[0, 24.63495, -3.11385]",,,,,"[0, 20.71963, -2.73903]",,,,,"[0, 25.09115, -3.17151]",,,,,"[0, 26.19115, -3.17151]",,,,,"[0, 21.81014, -2.88319]",,,,,"[0, 22.81014, -2.88319]",,,,,"[0, 27.30374, -3.45118]",,,,,"[0, 22.81014, -2.88319]",,,,,"[0, 22.81014, -2.88319]",,,,,"[0, 19.62913, -2.59487]",,,,,"[0, 28.57217, -3.45983]",,,,,"[0, 23.83659, -3.01293]",,,,,"[0, 26.37217, -3.45983]",,,,,"[0, 17.24811, -2.30655]",,,,,"[0, 18.24811, -2.30655]",,,,,"[0, 21.66963, -2.73903]",,,,,"[0, 23.95065, -3.02735]",,,,,"[0, 14.49685, -1.94615]",,,,,"[0, 23.41014, -2.88319]",,,,,"[0, 22.81014, -2.88319]",,,,,"[0, 24.09115, -3.17151]",
saddle_c1,cube,saddle,saddle_c1,1,saddle,"[-6.22769, 19.77043, 1.97704]","[12.45538, 7.90817, 1.97705]",0,,,"[-6.22769, 19.77043, 1.97704]","[12.45538, 7.90817, 1.97705]",0,,,"[-6.72591, 21.35206, 2.1352]","[13.45182, 8.54083, 2.13522]",0,,,"[-5.91631, 17.83191, 1.87819]","[11.83262, 7.51276, 1.8782]",0,,,"[-6.85046, 21.74747, 2.17474]","[13.70092, 8.69899, 2.17476]",0,,,"[-6.85046, 22.84747, 2.17474]","[13.70092, 8.69899, 2.17476]",0,,,"[-6.22769, 18.77043, 1.97704]","[12.45538, 7.90817, 1.97705]",0,,,"[-6.22769, 19.77043, 1.97704]","[12.45538, 7.90817, 1.97705]",0,,,"[-7.45455, 23.2852, 2.36652]","[14.9091, 9.84609, 2.36652]",0,,,"[-6.22769, 19.77043, 1.97704]","[12.45538, 7.90817, 1.97705]",0,,,"[-6.22769, 19.77043, 1.97704]","[12.45538, 7.90817, 1.97705]",0,,,"[-5.60492, 16.89339, 1.77934]","[11.20984, 7.11735, 1.77934]",0,,,"[-7.47323, 24.92452, 2.37245]","[14.94646, 9.4898, 2.37246]",0,,,"[-6.50794, 20.6601, 2.066]","[13.01588, 8.26404, 2.06602]",0,,,"[-7.47323, 22.72452, 2.37245]","[14.94646, 9.4898, 2.37246]",0,,,"[-4.98215, 14.81634, 1.58163]","[9.9643, 6.32654, 1.58164]",0,,,"[-4.98215, 15.81634, 1.58163]","[9.9643, 6.32654, 1.58164]",0,,,"[-5.91631, 18.78191, 1.87819]","[11.83261, 7.51276, 1.8782]",0,,,"[-6.53907, 20.75895, 2.07589]","[13.07815, 8.30358, 2.0759]",0,,,"[-4.20369, 12.44504, 1.3345]","[8.40739, 5.33802, 1.33451]",0,,,"[-6.22769, 20.37043, 1.97704]","[12.45538, 7.90817, 1.97705]",0,,,"[-6.22769, 19.77043, 1.97704]","[12.45538, 7.90817, 1.97705]",0,,,"[-6.85046, 20.74747, 2.17474]","[13.70092, 8.69899, 2.17475]",0,,
saddle_c2,cube,saddle,saddle_c2,2,saddle,"[-6.12883, 19.77043, -4.94261]","[12.25766, 7.21621, 7.90817]",0,,,"[-6.12883, 19.77043, -4.94261]","[12.25766, 7.21621, 7.90817]",0,,,"[-6.61914, 21.35206, -5.33802]","[13.23828, 7.79351, 8.54082]",0,,,"[-5.82239, 17.83191, -4.69548]","[11.64478, 6.8554, 7.51276]",0,,,"[-6.74171, 21.74747, -5.43687]","[13.48342, 7.93783, 8.69899]",0,,,"[-6.74171, 22.84747, -5.43687]","[13.48342, 7.93783, 8.69899]",0,,,"[-6.12883, 18.77043, -4.94261]","[12.25766, 7.21621, 7.90817]",0,,,"[-6.12883, 19.77043, -4.94261]","[12.25766, 7.21621, 7.90817]",0,,,"[-7.33621, 23.2852, -5.91631]","[14.67242, 9.01781, 9.46609]",0,,,"[-6.12883, 19.77043, -4.94261]","[12.25766, 7.21621, 7.90817]",0,,,"[-6.12883, 19.77043, -4.94261]","[12.25766, 7.21621, 7.90817]",0,,,"[-5.51595, 16.89339, -4.44835]","[11.0319, 6.49459, 7.11735]",0,,,"[-7.3546, 24.92452, -5.93113]","[14.7092, 8.65945, 9.4898]",0,,,"[-6.40462, 20.6601, -5.16503]","[12.80924, 7.54094, 8.26404]",0,,,"[-7.3546, 22.72452, -5.93113]","[14.7092, 8.65945, 9.4898]",0,,,"[-4.90306, 14.81634, -3.95409]","[9.80612, 5.77297, 6.32654]",0,,,"[-4.90306, 15.81634, -3.95409]","[9.80613, 5.77297, 6.32654]",0,,,"[-5.82239, 18.78191, -4.69548]","[11.64478, 6.8554, 7.51276]",0,,,"[-6.43527, 20.75895, -5.18974]","[12.87054, 7.57702, 8.30358]",0,,,"[-4.13696, 12.44504, -3.33626]","[8.27392, 4.87094, 5.33802]",0,,,"[-6.12883, 20.37043, -4.94261]","[12.25766, 7.21621, 7.90817]",0,,,"[-6.12883, 19.77043, -4.94261]","[12.25766, 7.21621, 7.90817]",0,,,"[-6.74171, 20.74747, -5.43687]","[13.48343, 7.93783, 8.69899]",0,,
saddle_c3,cube,saddle,saddle_c3,3,saddle,"[-6.62309, 17.79339, -5.93113]","[13.24618, 6.91965, 4.94261]",0,,,"[-6.62309, 17.79339, -5.93113]","[13.24618, 6.91965, 4.94261]",0,,,"[-7.15294, 19.21686, -6.40562]","[14.30588, 7.47322, 5.33802]",0,,,"[-6.29194, 15.95372, -5.63457]","[12.58388, 6.57367, 4.69548]",0,,,"[-7.2854, 19.57273, -6.52424]","[14.5708, 7.61161, 5.43687]",0,,,"[-7.2854, 20.67273, -6.52424]","[14.5708, 7.61161, 5.43687]",0,,,"[-6.62309, 16.79339, -5.93113]","[13.24618, 6.91965, 4.94261]",0,,,"[-6.62309, 17.79339, -5.93113]","[13.24618, 6.91965, 4.94261]",0,,,"[-7.92784, 20.91869, -7.09956]","[15.85568, 8.66282, 5.9163]",0,,,"[-6.62309, 17.79339, -5.93113]","[13.24618, 6.91965, 4.94261]",0,,,"[-6.62309, 17.79339, -5.93113]","[13.24618, 6.91965, 4.94261]",0,,,"[-5.96078, 15.11405, -5.33802]","[11.92156, 6.22769, 4.44835]",0,,,"[-7.94771, 22.55207, -7.11736]","[15.89542, 8.30358, 5.93114]",0,,,"[-6.92113, 18.59409, -6.19803]","[13.84226, 7.23103, 5.16503]",0,,,"[-7.94771, 20.35207, -7.11736]","[15.89542, 8.30358, 5.93114]",0,,,"[-5.29847, 13.23471, -4.7449]","[10.59694, 5.53572, 3.95408]",0,,,"[-5.29847, 14.23471, -4.7449]","[10.59694, 5.53572, 3.95409]",0,,,"[-6.29194, 16.90372, -5.63457]","[12.58387, 6.57367, 4.69548]",0,,,"[-6.95424, 18.68306, -6.22769]","[13.90849, 7.26563, 5.18974]",0,,,"[-4.47059, 11.11054, -4.00351]","[8.94118, 4.67077, 3.33626]",0,,,"[-6.62309, 18.39339, -5.93113]","[13.24618, 6.91965, 4.94261]",0,,,"[-6.62309, 17.79339, -5.93113]","[13.24618, 6.91965, 4.94261]",0,,,"[-7.2854, 18.57273, -6.52424]","[14.5708, 7.61162, 5.43687]",0,,
saddle_c4,cube,saddle,saddle_c4,4,saddle,"[-6.22769, 19.77043, -6.91965]","[12.45538, 8.00703, 1.97704]",0,,,"[-6.22769, 19.77043, -6.91965]","[12.45538, 8.00703, 1.97704]",0,,,"[-6.72591, 21.35206, -7.47322]","[13.45182, 8.6476, 2.1352]",0,,,"[-5.91631, 17.83191, -6.57367]","[11.83262, 7.60668, 1.87819]",0,,,"[-6.85046, 21.74747, -7.61161]","[13.70092, 8.80774, 2.17474]",0,,,"[-6.85046, 22.84747, -7.61161]","[13.70092, 8.80774, 2.17474]",0,,,"[-6.22769, 18.77043, -6.91965]","[12.45538, 8.00703, 1.97704]",0,,,"[-6.22769, 19.77043, -6.91965]","[12.45538, 8.00703, 1.97704]",0,,,"[-7.45455, 23.2852, -8.28282]","[14.9091, 9.96442, 2.36651]",0,,,"[-6.22769, 19.77043, -6.91965]","[12.45538, 8.00703, 1.97704]",0,,,"[-6.22769, 19.77043, -6.91965]","[12.45538, 8.00703, 1.97704]",0,,,"[-5.60492, 16.89339, -6.22768]","[11.20984, 7.20632, 1.77933]",0,,,"[-7.47323, 24.92452, -8.30358]","[14.94646, 9.60843, 2.37245]",0,,,"[-6.50794, 20.6601, -7.23103]","[13.01588, 8.36735, 2.066]",0,,,"[-7.47323, 22.72452, -8.30358]","[14.94646, 9.60843, 2.37245]",0,,,"[-4.98215, 14.81634, -5.53572]","[9.9643, 6.40563, 1.58163]",0,,,"[-4.98215, 15.81634, -5.53572]","[9.9643, 6.40562, 1.58163]",0,,,"[-5.91631, 18.78191, -6.57367]","[11.83261, 7.60668, 1.87819]",0,,,"[-6.53907, 20.75895, -7.26563]","[13.07815, 8.40738, 2.07589]",0,,,"[-4.20369, 12.44504, -4.67077]","[8.40739, 5.40475, 1.3345]",0,,,"[-6.22769, 20.37043, -6.91965]","[12.45538, 8.00703, 1.97704]",0,,,"[-6.22769, 19.77043, -6.91965]","[12.45538, 8.00703, 1.97704]",0,,,"[-6.85046, 20.74747, -7.61161]","[13.70092, 8.80773, 2.17474]",0,,
saddle_c5,cube,saddle,saddle_c5,5,saddle,"[-6.62309, 13.8393, -5.43687]","[13.24618, 3.95409, 2.96557]",0,,,"[-6.62309, 13.8393, -5.43687]","[13.24618, 3.95409, 2.96557]",0,,,"[-7.15294, 14.94644, -5.87182]","[14.30588, 4.27042, 3.20282]",0,,,"[-6.29194, 12.19734, -5.16503]","[12.58388, 3.75638, 2.8173]",0,,,"[-7.2854, 15.22323, -5.98056]","[14.5708, 4.3495, 3.26213]",0,,,"[-7.2854, 16.32323, -5.98056]","[14.5708, 4.3495, 3.26213]",0,,,"[-6.62309, 12.8393, -5.43687]","[13.24618, 3.95409, 2.96557]",0,,,"[-6.62309, 13.8393, -5.43687]","[13.24618, 3.95409, 2.96557]",0,,,"[-7.92784, 16.18564, -6.50794]","[15.85568, 5.11305, 3.54979]",0,,,"[-6.62309, 13.8393, -5.43687]","[13.24618, 3.95409, 2.96557]",0,,,"[-6.62309, 13.8393, -5.43687]","[13.24618, 3.95409, 2.96557]",0,,,"[-5.96078, 11.55537, -4.89318]","[11.92156, 3.55868, 2.66901]",0,,,"[-7.94771, 17.80716, -6.52424]","[15.89542, 4.74491, 3.55868]",0,,,"[-6.92113, 14.46207, -5.68153]","[13.84226, 4.13202, 3.09902]",0,,,"[-7.94771, 15.60716, -6.52424]","[15.89542, 4.74491, 3.55868]",0,,,"[-5.29847, 10.07144, -4.3495]","[10.59694, 3.16327, 2.37246]",0,,,"[-5.29847, 11.07144, -4.3495]","[10.59694, 3.16327, 2.37246]",0,,,"[-6.29194, 13.14734, -5.16503]","[12.58387, 3.75639, 2.81729]",0,,,"[-6.95424, 14.53127, -5.70871]","[13.90849, 4.15179, 3.11385]",0,,,"[-4.47059, 8.44152, -3.66988]","[8.94118, 2.66901, 2.00176]",0,,,"[-6.62309, 14.4393, -5.43687]","[13.24618, 3.95409, 2.96557]",0,,,"[-6.62309, 13.8393, -5.43687]","[13.24618, 3.95409, 2.96557]",0,,,"[-7.2854, 14.22323, -5.98056]","[14.5708, 4.3495, 3.26213]",0,,
saddle_c6,cube,saddle,saddle_c6,6,saddle,"[-1.08737, 27.77746, -6.91965]","[2.17474, 2.2736, 1.97704]",0,,,"[-1.08737, 27.77746, -6.91965]","[2.17474, 2.2736, 1.97704]",0,,,"[-1.17436, 29.99966, -7.47322]","[2.34872, 2.45548, 2.1352]",0,,,"[-1.033, 25.43859, -6.57367]","[2.066, 2.15992, 1.87819]",0,,,"[-1.19611, 30.55521, -7.61161]","[2.39222, 2.50096, 2.17474]",0,,,"[-1.19611, 31.65521, -7.61161]","[2.39222, 2.50096, 2.17474]",0,,,"[-1.08737, 26.77746, -6.91965]","[2.17474, 2.2736, 1.97704]",0,,,"[-1.08737, 27.77746, -6.91965]","[2.17474, 2.2736, 1.97704]",0,,,"[-1.30159, 32.86962, -8.28282]","[2.60318, 3.1015, 2.36651]",0,,,"[-1.08737, 27.77746, -6.91965]","[2.17474, 2.2736, 1.97704]",0,,,"[-1.08737, 27.77746, -6.91965]","[2.17474, 2.2736, 1.97704]",0,,,"[-0.97863, 24.09971, -6.22768]","[1.95726, 2.04624, 1.77933]",0,,,"[-1.30484, 34.53295, -8.30358]","[2.60968, 2.72832, 2.37245]",0,,,"[-1.1363, 29.02745, -7.23103]","[2.2726, 2.37591, 2.066]",0,,,"[-1.30484, 32.33295, -8.30358]","[2.60968, 2.72832, 2.37245]",0,,,"[-0.8699, 21.22197, -5.53572]","[1.7398, 1.81888, 1.58163]",0,,,"[-0.8699, 22.22197, -5.53572]","[1.73979, 1.81888, 1.58163]",0,,,"[-1.033, 26.38859, -6.57367]","[2.066, 2.15992, 1.87819]",0,,,"[-1.14174, 29.16633, -7.26563]","[2.28348, 2.38728, 2.07589]",0,,,"[-0.73398, 17.84979, -4.67077]","[1.46795, 1.53468, 1.3345]",0,,,"[-1.08737, 28.37746, -6.91965]","[2.17474, 2.2736, 1.97704]",0,,,"[-1.08737, 27.77746, -6.91965]","[2.17474, 2.2736, 1.97704]",0,,,"[-1.19611, 29.55521, -7.61161]","[2.39221, 2.50096, 2.17474]",0,,
saddlebags,bone,saddlebags,,,body_piv,,,,"[0, 22.736, 6.91966]",,,,,"[0, 22.736, 6.91966]",,,,,"[0, 24.33888, 7.47323]",,,,,"[0, 20.6492, 6.57368]",,,,,"[0, 25.0096, 7.61163]",,,,,"[0, 26.1096, 7.61163]",,,,,"[0, 21.736, 6.91966]",,,,,"[0, 22.736, 6.91966]",,,,,"[0, 27.21499, 8.28283]",,,,,"[0, 22.736, 6.91966]",,,,,"[0, 22.736, 6.91966]",,,,,"[0, 19.5624, 6.22769]",,,,,"[0, 28.4832, 8.30359]",,,,,"[0, 23.75912, 7.23105]",,,,,"[0, 26.2832, 8.30359]",,,,,"[0, 17.1888, 5.53573]",,,,,"[0, 18.1888, 5.53573]",,,,,"[0, 21.5992, 6.57368]",,,,,"[0, 23.8728, 7.26564]",,,,,"[0, 14.4468, 4.67078]",,,,,"[0, 23.336, 6.91966]",,,,,"[0, 22.736, 6.91966]",,,,,"[0, 24.0096, 7.61163]",
saddlebags_c1,cube,saddlebags,saddlebags_c1,1,saddlebags,"[-7.71047, 19.77043, 3.95409]","[15.42094, 5.93113, 5.93113]",0,,,"[-7.71047, 19.77043, 3.95409]","[15.42094, 5.93113, 5.93113]",0,,,"[-8.32731, 21.13606, 4.27042]","[16.65462, 6.40562, 6.40562]",0,,,"[-7.32495, 17.83191, 3.75639]","[14.6499, 5.63457, 5.63457]",0,,,"[-8.48152, 21.74747, 4.3495]","[16.96304, 6.52425, 6.52424]",0,,,"[-8.48152, 22.84747, 4.3495]","[16.96304, 6.52425, 6.52424]",0,,,"[-7.71047, 18.77043, 3.95409]","[15.42094, 5.93113, 5.93113]",0,,,"[-7.71047, 19.77043, 3.95409]","[15.42094, 5.93113, 5.93113]",0,,,"[-9.22943, 23.2852, 4.73304]","[18.45886, 7.47957, 7.09957]",0,,,"[-7.71047, 19.77043, 3.95409]","[15.42094, 5.93113, 5.93113]",0,,,"[-7.71047, 19.77043, 3.95409]","[15.42094, 5.93113, 5.93113]",0,,,"[-6.93942, 16.89339, 3.55868]","[13.87884, 5.33801, 5.33802]",0,,,"[-9.25256, 24.92452, 4.74491]","[18.50512, 7.11735, 7.11735]",0,,,"[-8.05744, 20.6601, 4.13202]","[16.11488, 6.19803, 6.19803]",0,,,"[-9.25256, 22.72452, 4.74491]","[18.50512, 7.11735, 7.11735]",0,,,"[-6.16838, 14.81634, 3.16327]","[12.33676, 4.74491, 4.74491]",0,,,"[-6.16838, 15.81634, 3.16327]","[12.33675, 4.7449, 4.7449]",0,,,"[-7.32495, 18.78191, 3.75639]","[14.64989, 5.63457, 5.63457]",0,,,"[-8.09599, 20.75895, 4.15179]","[16.19199, 6.22769, 6.22769]",0,,,"[-5.20456, 12.44504, 2.66901]","[10.40913, 4.00351, 4.00352]",0,,,"[-7.71047, 20.37043, 3.95409]","[15.42094, 5.93113, 5.93113]",0,,,"[-7.71047, 19.77043, 3.95409]","[15.42094, 5.93113, 5.93113]",0,,,"[-8.48152, 20.74747, 4.3495]","[16.96303, 6.52424, 6.52424]",0,,
body_armor,bone,body_armor,,,body_piv,,,,"[0, 17.79339, 0]",,,,,"[0, 17.79339, 0]",,,,,"[0, 19.21686, 0]",,,,,"[0, 15.95372, 0]",,,,,"[0, 19.57273, 0]",,,,,"[0, 20.67273, 0]",,,,,"[0, 16.79339, 0]",,,,,"[0, 17.79339, 0]",,,,,"[0, 21.29869, 0]",,,,,"[0, 17.79339, 0]",,,,,"[0, 17.79339, 0]",,,,,"[0, 15.11405, 0]",,,,,"[0, 22.55207, 0]",,,,,"[0, 18.59409, 0]",,,,,"[0, 20.35207, 0]",,,,,"[0, 13.23471, 0]",,,,,"[0, 14.23471, 0]",,,,,"[0, 16.90372, 0]",,,,,"[0, 18.68306, 0]",,,,,"[0, 11.11054, 0]",,,,,"[0, 18.39339, 0]",,,,,"[0, 17.79339, 0]",,,,,"[0, 18.57273, 0]",
body_armor_c1,cube,body_armor,body_armor_c1,1,body_armor,"[-6.12883, 10.87374, -14.82782]","[12.25766, 15.9152, 9.88521]",0,,,"[-6.12883, 10.87374, -14.82782]","[12.25766, 15.9152, 9.88521]",0,,,"[-6.61914, 11.74364, -16.01405]","[13.23828, 17.18842, 10.67603]",0,,,"[-5.82239, 9.38005, -14.08643]","[11.64478, 15.11944, 9.39095]",0,,,"[-6.74171, 11.96111, -16.3106]","[13.48342, 17.50672, 10.87373]",0,,,"[-6.74171, 13.06111, -16.3106]","[13.48342, 17.50672, 10.87373]",0,,,"[-6.12883, 9.87374, -14.82782]","[12.25766, 15.9152, 9.88521]",0,,,"[-6.12883, 10.87374, -14.82782]","[12.25766, 15.9152, 9.88521]",0,,,"[-7.33621, 12.63586, -17.7489]","[14.67242, 19.4305, 11.83259]",0,,,"[-6.12883, 10.87374, -14.82782]","[12.25766, 15.9152, 9.88521]",0,,,"[-6.12883, 10.87374, -14.82782]","[12.25766, 15.9152, 9.88521]",0,,,"[-5.51595, 8.88637, -13.34504]","[11.0319, 14.32368, 8.89669]",0,,,"[-7.3546, 14.24849, -17.79338]","[14.7092, 19.09824, 11.86225]",0,,,"[-6.40462, 11.36305, -15.49507]","[12.80924, 16.63139, 10.33004]",0,,,"[-7.3546, 12.04849, -17.79338]","[14.7092, 19.09824, 11.86225]",0,,,"[-4.90306, 7.69899, -11.86226]","[9.80612, 12.73216, 7.90817]",0,,,"[-4.90306, 8.69899, -11.86226]","[9.80613, 12.73216, 7.90817]",0,,,"[-5.82239, 10.33005, -14.08643]","[11.64478, 15.11944, 9.39095]",0,,,"[-6.43527, 11.41743, -15.56921]","[12.87054, 16.71096, 10.37947]",0,,,"[-4.13696, 6.43978, -10.00877]","[8.27392, 10.74276, 6.67251]",0,,,"[-6.12883, 11.47374, -14.82782]","[12.25766, 15.9152, 9.88521]",0,,,"[-6.12883, 10.87374, -14.82782]","[12.25766, 15.9152, 9.88521]",0,,,"[-6.74171, 10.96111, -16.3106]","[13.48343, 17.50672, 10.87373]",0,,
body_armor_c2,cube,body_armor,body_armor_c2,2,body_armor,"[-6.12883, 10.87374, 3.94261]","[12.25766, 15.9152, 10.98407]",0,,,"[-6.12883, 10.87374, 3.94261]","[12.25766, 15.9152, 10.98407]",0,,,"[-6.61914, 11.74364, 4.25802]","[13.23828, 17.18842, 11.86279]",0,,,"[-5.82239, 9.38005, 3.74548]","[11.64478, 15.11944, 10.43487]",0,,,"[-6.74171, 11.96111, 4.33687]","[13.48342, 17.50672, 12.08248]",0,,,"[-6.74171, 13.06111, 4.33687]","[13.48342, 17.50672, 12.08248]",0,,,"[-6.12883, 9.87374, 3.94261]","[12.25766, 15.9152, 10.98407]",0,,,"[-6.12883, 10.87374, 3.94261]","[12.25766, 15.9152, 10.98407]",0,,,"[-7.33621, 12.63586, 4.71931]","[14.67242, 19.4305, 13.14793]",0,,,"[-6.12883, 10.87374, 3.94261]","[12.25766, 15.9152, 10.98407]",0,,,"[-6.12883, 10.87374, 3.94261]","[12.25766, 15.9152, 10.98407]",0,,,"[-5.51595, 8.88637, 3.54835]","[11.0319, 14.32368, 9.88566]",0,,,"[-7.3546, 14.24849, 4.73113]","[14.7092, 19.09824, 13.18089]",0,,,"[-6.40462, 11.36305, 4.12003]","[12.80924, 16.63139, 11.47835]",0,,,"[-7.3546, 12.04849, 4.73113]","[14.7092, 19.09824, 13.18089]",0,,,"[-4.90306, 7.69899, 3.15409]","[9.80612, 12.73216, 8.78725]",0,,,"[-4.90306, 8.69899, 3.15409]","[9.80613, 12.73216, 8.78726]",0,,,"[-5.82239, 10.33005, 3.74548]","[11.64478, 15.11944, 10.43487]",0,,,"[-6.43527, 11.41743, 4.13974]","[12.87054, 16.71096, 11.53327]",0,,,"[-4.13696, 6.43978, 2.66126]","[8.27392, 10.74276, 7.41425]",0,,,"[-6.12883, 11.47374, 3.94261]","[12.25766, 15.9152, 10.98407]",0,,,"[-6.12883, 10.87374, 3.94261]","[12.25766, 15.9152, 10.98407]",0,,,"[-6.74171, 10.96111, 4.33687]","[13.48343, 17.50672, 12.08248]",0,,
blanket,bone,blanket,,,body_armor,,,,"[0, 23.72452, 0]",,,,,"[0, 23.72452, 0]",,,,,"[0, 25.62248, 0]",,,,,"[0, 21.58829, 0]",,,,,"[0, 26.09697, 0]",,,,,"[0, 27.19697, 0]",,,,,"[0, 22.72452, 0]",,,,,"[0, 23.72452, 0]",,,,,"[0, 28.39826, 0]",,,,,"[0, 23.72452, 0]",,,,,"[0, 23.72452, 0]",,,,,"[0, 20.45207, 0]",,,,,"[0, 29.66942, 0]",,,,,"[0, 24.79212, 0]",,,,,"[0, 27.46942, 0]",,,,,"[0, 17.97962, 0]",,,,,"[0, 18.97962, 0]",,,,,"[0, 22.53829, 0]",,,,,"[0, 24.91075, 0]",,,,,"[0, 15.11405, 0]",,,,,"[0, 24.32452, 0]",,,,,"[0, 23.72452, 0]",,,,,"[0, 25.09697, 0]",
blanket_c1,cube,blanket,blanket_c1,1,blanket,"[-5.43687, 6.91965, -5.93113]","[10.87374, 19.77043, 11.86226]",0,,,"[-5.43687, 6.91965, -5.93113]","[10.87374, 19.77043, 11.86226]",0,,,"[-5.87182, 7.47322, -6.40562]","[11.74364, 21.35207, 12.81124]",0,,,"[-5.16503, 5.62367, -5.63457]","[10.33006, 18.78191, 11.26914]",0,,,"[-5.98056, 7.61162, -6.52424]","[11.96112, 21.74747, 13.04848]",0,,,"[-5.98056, 8.71162, -6.52424]","[11.96112, 21.74747, 13.04848]",0,,,"[-5.43687, 5.91965, -5.93113]","[10.87374, 19.77043, 11.86226]",0,,,"[-5.43687, 6.91965, -5.93113]","[10.87374, 19.77043, 11.86226]",0,,,"[-6.50794, 7.90282, -7.09956]","[13.01588, 24.04521, 14.19912]",0,,,"[-5.43687, 6.91965, -5.93113]","[10.87374, 19.77043, 11.86226]",0,,,"[-5.43687, 6.91965, -5.93113]","[10.87374, 19.77043, 11.86226]",0,,,"[-4.89318, 5.32769, -5.33802]","[9.78636, 17.79338, 10.67604]",0,,,"[-6.52424, 9.50358, -7.11736]","[13.04848, 23.72452, 14.23472]",0,,,"[-5.68153, 7.23104, -6.19803]","[11.36306, 20.6601, 12.39606]",0,,,"[-6.52424, 7.30358, -7.11736]","[13.04848, 23.72452, 14.23472]",0,,,"[-4.3495, 4.53572, -4.7449]","[8.699, 15.81634, 9.4898]",0,,,"[-4.3495, 5.53572, -4.7449]","[8.69899, 15.81634, 9.48981]",0,,,"[-5.16503, 6.57367, -5.63457]","[10.33005, 18.78191, 11.26915]",0,,,"[-5.70871, 7.26563, -6.22769]","[11.41743, 20.75895, 12.45537]",0,,,"[-3.66988, 3.77077, -4.00351]","[7.33977, 13.34504, 8.00703]",0,,,"[-5.43687, 7.51965, -5.93113]","[10.87374, 19.77043, 11.86226]",0,,,"[-5.43687, 6.91965, -5.93113]","[10.87374, 19.77043, 11.86226]",0,,,"[-5.98056, 6.61162, -6.52424]","[11.96111, 21.74747, 13.04849]",0,,
front_right_leg,bone,front_right_leg,,,body,,,,"[-2.96556, 14.82782, -10.62661]",,,,,"[-2.96556, 14.82782, -10.62661]",,,,,"[-3.2028, 16.01405, -11.47674]",,,,,"[-2.81728, 14.08643, -10.09528]",,,,,"[-3.26212, 16.3106, -11.68927]",,,,,"[-3.26212, 16.3106, -11.68927]",,,,,"[-2.96556, 14.82782, -10.62661]",,,,,"[-2.96556, 14.82782, -10.62661]",,,,,"[-3.54978, 17.7489, -12.72005]",,,,,"[-2.96556, 14.82782, -10.62661]",,,,,"[-2.96556, 14.82782, -10.62661]",,,,,"[-2.669, 13.34504, -9.56395]",,,,,"[-3.55867, 17.79338, -12.75193]",,,,,"[-3.09901, 15.49507, -11.10481]",,,,,"[-3.55867, 17.79338, -12.75193]",,,,,"[-2.37245, 11.86226, -8.50129]",,,,,"[-2.37245, 11.86226, -8.50129]",,,,,"[-2.81728, 14.08643, -10.09528]",,,,,"[-3.11384, 15.56921, -11.15794]",,,,,"[-2.00175, 8.20877, -7.17296]",,,,,"[-2.96556, 14.82782, -10.62661]",,,,,"[-2.96556, 14.82782, -10.62661]",,,,,"[-3.26212, 16.3106, -11.68927]",
front_right_leg_c1,cube,front_right_leg,front_right_leg_c1,1,front_right_leg,"[-4.94261, 8.89669, -12.85078]","[3.95409, 7.90818, 4.44835]",0,,,"[-4.94261, 8.89669, -13.05078]","[4.35409, 7.90818, 4.84835]",0,,,"[-5.23802, 9.60843, -13.67884]","[4.07042, 8.54083, 4.60422]",0,,,"[-4.69548, 8.45186, -12.20824]","[3.75639, 7.51277, 4.22593]",0,,,"[-5.32687, 9.78636, -14.13586]","[4.1295, 8.699, 4.67319]",0,,,"[-5.43687, 9.78636, -14.13586]","[4.4595, 10.349, 5.00319]",0,,,"[-4.94261, 8.89669, -12.85078]","[4.15409, 7.90818, 4.64835]",0,,,"[-4.94261, 8.89669, -12.85078]","[3.85409, 7.90818, 4.34835]",0,,,"[-5.91631, 10.64934, -15.38238]","[4.92305, 9.46609, 5.51467]",0,,,"[-4.94261, 8.89669, -12.85078]","[3.85409, 7.90818, 4.34835]",0,,,"[-4.84261, 8.89669, -12.55078]","[3.75409, 7.90818, 4.14835]",0,,,"[-4.44835, 8.00702, -11.5657]","[3.55868, 7.11736, 4.00351]",0,,,"[-5.93113, 10.67603, -15.62094]","[4.94491, 10.68981, 5.53802]",0,,,"[-4.96053, 9.29704, -13.22907]","[3.72303, 8.26405, 4.23953]",0,,,"[-5.93113, 10.67603, -15.72094]","[5.04491, 9.48981, 5.63802]",0,,,"[-3.85409, 7.11735, -9.88062]","[2.96327, 6.32655, 3.15868]",0,,,"[-3.87409, 7.11735, -10.12062]","[3.00327, 6.32654, 3.39868]",0,,,"[-4.59548, 8.45186, -11.90824]","[3.55639, 7.51277, 3.92593]",0,,,"[-5.08474, 9.34152, -13.17832]","[3.94179, 8.30359, 4.35577]",0,,,"[-3.42626, 6.00527, -8.85427]","[2.84901, 5.33802, 3.18263]",0,,,"[-4.84261, 8.89669, -12.55078]","[3.75409, 8.90818, 4.14835]",0,,,"[-4.84261, 8.89669, -12.55078]","[3.75409, 7.90818, 4.14835]",0,,,"[-5.63687, 9.78636, -14.63586]","[4.7495, 8.699, 5.39318]",0,,
front_right_calf,bone,front_right_calf,,,front_right_leg,,,,"[-2.96556, 9.39096, -10.62661]",,,,,"[-2.96556, 9.39096, -10.62661]",,,,,"[-3.2028, 10.14224, -11.47674]",,,,,"[-2.81728, 8.92141, -10.09528]",,,,,"[-3.26212, 10.33006, -11.68927]",,,,,"[-3.26212, 10.33006, -11.68927]",,,,,"[-2.96556, 9.39096, -10.62661]",,,,,"[-2.96556, 9.39096, -10.62661]",,,,,"[-3.54978, 11.24098, -12.72005]",,,,,"[-2.96556, 9.39096, -10.62661]",,,,,"[-2.96556, 9.39096, -10.62661]",,,,,"[-2.669, 8.45186, -9.56395]",,,,,"[-3.55867, 11.26915, -12.75193]",,,,,"[-3.09901, 9.81356, -11.10481]",,,,,"[-3.55867, 11.26915, -12.75193]",,,,,"[-2.37245, 7.51277, -8.50129]",,,,,"[-2.37245, 7.51277, -8.50129]",,,,,"[-2.81728, 8.92141, -10.09528]",,,,,"[-3.11384, 9.86051, -11.15794]",,,,,"[-2.00175, 6.3389, -7.17296]",,,,,"[-2.96556, 9.39096, -10.62661]",,,,,"[-2.96556, 9.39096, -10.62661]",,,,,"[-3.26212, 10.33006, -11.68927]",
front_right_calf_c1,cube,front_right_calf,front_right_calf_c1,1,front_right_calf,"[-4.44835, 1.97704, -12.35652]","[2.96557, 8.8967, 3.45983]",0,,,"[-4.44835, 1.97704, -12.55652]","[3.36557, 8.8967, 3.85983]",0,,,"[-4.70422, 2.1352, -13.14504]","[3.00282, 9.60844, 3.53661]",0,,,"[-4.22593, 1.87819, -11.73869]","[2.81729, 8.45186, 3.28683]",0,,,"[-4.78319, 2.17474, -13.59217]","[3.04213, 9.78637, 3.58581]",0,,,"[-4.89319, 2.17474, -13.59217]","[3.37213, 9.78637, 3.91581]",0,,,"[-4.44835, 1.97704, -12.35652]","[3.16557, 8.8967, 3.65983]",0,,,"[-4.44835, 1.97704, -12.35652]","[2.86557, 8.8967, 3.35983]",0,,,"[-5.32467, 2.36652, -14.79076]","[3.73978, 10.64934, 4.33142]",0,,,"[-4.44835, 1.97704, -12.35652]","[2.86557, 8.8967, 3.35983]",0,,,"[-4.34835, 1.97704, -12.05652]","[2.76557, 8.8967, 3.15983]",0,,,"[-4.00352, 1.77934, -11.12087]","[2.66902, 8.00703, 3.11385]",0,,,"[-5.33802, 2.37245, -15.02782]","[3.75868, 10.67604, 4.35179]",0,,,"[-4.44403, 2.066, -12.71256]","[2.69002, 9.29705, 3.20652]",0,,,"[-5.33802, 2.37245, -15.12782]","[3.85868, 10.67604, 4.45179]",0,,,"[-3.45868, 1.58163, -9.48522]","[2.17246, 7.11736, 2.36787]",0,,,"[-3.47868, 1.58163, -9.72522]","[2.21246, 7.11736, 2.60786]",0,,,"[-4.12593, 1.87819, -11.43869]","[2.61729, 8.45187, 2.98684]",0,,,"[-4.56577, 2.07589, -12.65935]","[2.90385, 9.34154, 3.31782]",0,,,"[-3.09263, 1.3345, -8.52065]","[2.18176, 6.00528, 2.51538]",0,,,"[-4.34835, 1.97704, -12.05652]","[2.76557, 8.8967, 3.15983]",0,,,"[-4.34835, 1.97704, -12.05652]","[2.76557, 8.8967, 3.15983]",0,,,"[-5.09318, 2.17474, -14.09217]","[3.66213, 9.78637, 4.30581]",0,,
front_right_feathering,bone,front_right_feathering,,,front_right_calf,,,,"[-2.96556, 8.66952, -9.68806]",,,,,"[-2.96556, 8.66952, -9.68806]",,,,,"[-3.2028, 9.36308, -10.4631]",,,,,"[-2.81728, 8.23604, -9.20366]",,,,,"[-3.26212, 9.53647, -10.65687]",,,,,"[-3.26212, 9.53647, -10.65687]",,,,,"[-2.96556, 8.66952, -9.68806]",,,,,"[-2.96556, 8.66952, -9.68806]",,,,,"[-3.54978, 10.37742, -11.59661]",,,,,"[-2.96556, 8.66952, -9.68806]",,,,,"[-2.96556, 8.66952, -9.68806]",,,,,"[-2.669, 7.80257, -8.71925]",,,,,"[-3.55867, 10.40342, -11.62567]",,,,,"[-3.09901, 9.05965, -10.12403]",,,,,"[-3.55867, 10.40342, -11.62567]","[2.5, 0, 0]",,,,"[-2.37245, 6.93562, -7.75045]",,,,,"[-2.37245, 6.93562, -7.75045]",,,,,"[-2.81728, 8.23604, -9.20366]",,,,,"[-3.11384, 9.103, -10.17246]",,,,,"[-2.00175, 5.85193, -6.53944]",,,,,"[-2.96556, 8.66952, -9.68806]",,,,,"[-2.96556, 8.66952, -9.68806]",,,,,"[-3.26212, 9.53647, -10.65687]",
front_right_feathering_c1,cube,front_right_feathering,front_right_feathering_c1,1,front_right_feathering,"[-4.44858, 0.60929, -11.37995]","[2.96603, 8.31108, 3.46029]",-0.01,"[-2.96556, 4.47179, -9.64981]","[7.5, 0, 0]","[-4.44858, 0.60929, -11.37995]","[3.36603, 8.31108, 3.86029]",-0.01,"[-2.96556, 4.47179, -9.44981]","[10, 0, 0]","[-4.70367, 0.65883, -12.28955]","[3.00172, 8.97437, 3.73552]",-0.01,"[-3.2028, 4.82953, -10.42179]","[7.5, 0, 0]","[-4.22665, 0.57833, -10.81145]","[2.81873, 7.89652, 3.28827]",-0.01,"[-2.81728, 4.2482, -9.16732]","[7.5, 0, 0]","[-4.78244, 0.67122, -12.51694]","[3.04063, 9.14019, 3.58431]",-0.01,"[-3.26212, 4.91897, -10.61479]","[7.5, 0, 0]","[-4.89244, 0.67122, -12.51694]","[3.37064, 9.14019, 3.91431]",-0.01,"[-3.26212, 4.91897, -10.61479]","[7.5, 0, 0]","[-4.44858, 0.60929, -11.37995]","[3.16603, 8.31108, 3.66029]",-0.01,"[-2.96556, 4.47179, -9.64981]","[7.5, 0, 0]","[-4.44858, 0.60929, -11.37995]","[2.86603, 8.31108, 3.36029]",-0.01,"[-2.96556, 4.47179, -9.64981]","[7.5, 0, 0]","[-5.32298, 0.73129, -13.61983]","[3.7364, 9.94443, 4.32803]",-0.01,"[-3.54978, 5.35274, -11.55082]","[7.5, 0, 0]","[-4.44858, 0.60929, -11.37995]","[2.86603, 8.31108, 3.36029]",-0.01,"[-2.96556, 4.47179, -9.64981]","[7.5, 0, 0]","[-4.34858, 0.60929, -11.37995]","[2.76603, 8.31108, 3.46029]",-0.01,"[-2.96556, 4.47179, -9.64981]","[7.5, 0, 0]","[-4.00472, 0.54736, -10.24295]","[2.67142, 7.48197, 3.11626]",-0.01,"[-2.669, 4.02461, -8.68483]","[7.5, 0, 0]","[-5.3363, 0.73315, -13.85394]","[3.75524, 9.96929, 4.34835]",-0.01,"[-3.55867, 5.36615, -11.57977]","[7.5, 0, 0]","[-4.44382, 0.63716, -11.89159]","[2.6896, 8.68418, 3.40609]",-0.01,"[-3.09901, 4.67302, -10.08405]","[7.5, 0, 0]","[-5.3363, 0.73315, -13.95394]","[3.85524, 9.96929, 4.44835]",-0.01,"[-3.55867, 5.36615, -11.57977]","[7.5, 0, 0]","[-3.46086, 0.48543, -8.70596]","[2.17682, 6.65287, 2.37223]",-0.01,"[-2.37245, 3.57743, -7.71985]","[7.5, 0, 0]","[-3.48086, 0.48543, -9.10596]","[2.21682, 6.65286, 2.77223]",-0.01,"[-2.37245, 3.57743, -7.71985]","[7.5, 0, 0]","[-4.12665, 0.57833, -10.81145]","[2.61873, 7.89653, 3.28828]",-0.01,"[-2.81728, 4.2482, -9.16732]","[7.5, 0, 0]","[-4.56551, 0.64025, -11.94845]","[2.90333, 8.72563, 3.6323]",-0.01,"[-3.11384, 4.69538, -10.1323]","[7.5, 0, 0]","[-3.09605, 0.40802, -7.68471]","[2.18858, 5.61648, 2.34219]",-0.01,"[-2.00175, 3.01846, -6.51362]","[7.5, 0, 0]","[-4.34858, 0.60929, -11.37995]","[2.76603, 8.31108, 3.26029]",-0.01,"[-2.96556, 4.47179, -9.64981]","[7.5, 0, 0]","[-4.34858, 0.60929, -11.37995]","[2.76603, 8.31108, 3.46029]",-0.01,"[-2.96556, 4.47179, -9.64981]","[7.5, 0, 0]","[-5.09244, 0.67122, -12.51694]","[3.66063, 9.14019, 3.80432]",-0.01,"[-3.26212, 4.91897, -10.61479]","[7.5, 0, 0]"
front_right_hoof,bone,front_right_hoof,,,front_right_calf,,,,"[-2.96556, 2.57016, -10.97259]",,,,,"[-2.96556, 2.57016, -10.97259]",,,,,"[-3.2028, 2.77577, -11.8504]",,,,,"[-2.81728, 2.44165, -10.42396]",,,,,"[-3.26212, 2.82718, -12.06985]",,,,,"[-3.26212, 2.82718, -12.06985]",,,,,"[-2.96556, 2.57016, -10.97259]",,,,,"[-2.96556, 2.57016, -10.97259]",,,,,"[-3.54978, 3.07648, -13.13419]",,,,,"[-2.96556, 2.57016, -10.97259]",,,,,"[-2.96556, 2.57016, -10.97259]",,,,,"[-2.669, 2.31314, -9.87533]",,,,,"[-3.55867, 3.08419, -13.16711]",,,,,"[-3.09901, 2.68582, -11.46636]",,,,,"[-3.55867, 3.08419, -13.16711]",,,,,"[-2.37245, 2.05613, -8.77807]",,,,,"[-2.37245, 2.05613, -8.77807]",,,,,"[-2.81728, 2.44165, -10.42396]",,,,,"[-3.11384, 2.69867, -11.52122]",,,,,"[-2.00175, 1.73486, -7.4065]",,,,,"[-2.96556, 2.57016, -10.97259]",,,,,"[-2.96556, 2.57016, -10.97259]",,,,,"[-3.26212, 2.82718, -12.06985]",
front_right_hoof_c1,cube,front_right_hoof,front_right_hoof_c1,1,front_right_hoof,"[-4.54708, 0.00011, -13.54263]","[3.16303, 3.16304, 3.16304]",0.01,,,"[-4.54708, 0.00011, -13.74263]","[3.56303, 3.36304, 3.56304]",0.01,,,"[-4.81165, -0.00068, -14.42684]","[3.21768, 3.41768, 3.21768]",0.01,,,"[-4.31923, 0.0006, -12.865]","[3.00388, 3.00389, 3.00389]",0.01,,,"[-4.89279, -0.00088, -14.89789]","[3.26133, 3.26135, 3.26134]",0.01,,,"[-5.00279, -0.00088, -14.89789]","[3.59133, 3.70135, 3.59134]",0.01,,,"[-4.54708, 0.00011, -13.54263]","[3.36303, 3.36304, 3.36304]",0.01,,,"[-4.54708, 0.00011, -13.54263]","[3.06303, 3.06304, 3.06304]",0.01,,,"[-5.44482, -0.00184, -16.21249]","[3.98008, 3.7901, 3.98009]",0.01,,,"[-4.54708, 0.00011, -13.54263]","[3.06303, 3.06304, 3.06304]",0.01,,,"[-4.44708, 0.00011, -13.24263]","[2.96303, 2.86304, 2.86304]",0.01,,,"[-4.09137, 0.0011, -12.18737]","[2.84472, 2.84474, 2.84474]",0.01,,,"[-5.4585, -0.00187, -16.45316]","[3.99964, 3.79965, 3.99965]",0.01,,,"[-4.54765, -0.00034, -13.9525]","[2.89726, 2.99729, 2.89728]",0.01,,,"[-5.4585, -0.00187, -16.55316]","[4.09964, 4.09965, 4.09965]",0.01,,,"[-3.53566, 0.00209, -10.4321]","[2.32642, 2.12643, 2.12643]",0.01,,,"[-3.55566, 0.00209, -10.6721]","[2.36642, 2.36643, 2.36643]",0.01,,,"[-4.21923, 0.0006, -12.565]","[2.80388, 2.80389, 2.70389]",0.01,,,"[-4.66993, -0.00038, -13.90526]","[3.11218, 3.11219, 3.00719]",0.01,,,"[-3.15603, 0.00332, -9.31802]","[2.30854, 2.12855, 2.30855]",0.01,,,"[-4.44708, 0.00011, -13.24263]","[2.96303, 2.96304, 2.86304]",0.01,,,"[-4.44708, 0.00011, -13.24263]","[2.96303, 2.96304, 2.86304]",0.01,,,"[-5.20279, -0.00088, -15.39789]","[3.88133, 3.78134, 3.98134]",0.01,,
front_right_shoe,bone,front_right_shoe,,,front_right_hoof,,,,"[0, 16.80487, -1.18623]",,,,,"[0, 16.80487, -1.18623]",,,,,"[0, 18.14926, -1.28113]",,,,,"[0, 15.96463, -1.12692]",,,,,"[0, 18.48536, -1.30485]",,,,,"[0, 18.48536, -1.30485]",,,,,"[0, 16.80487, -1.18623]",,,,,"[0, 16.80487, -1.18623]",,,,,"[0, 20.11543, -1.41992]",,,,,"[0, 16.80487, -1.18623]",,,,,"[0, 16.80487, -1.18623]",,,,,"[0, 15.12438, -1.06761]",,,,,"[0, 20.16584, -1.42348]",,,,,"[0, 17.56109, -1.23961]",,,,,"[0, 20.16584, -1.42348]",,,,,"[0, 13.4439, -0.94898]",,,,,"[0, 13.4439, -0.94898]",,,,,"[0, 15.96463, -1.12692]",,,,,"[0, 17.64511, -1.24554]",,,,,"[0, 11.34329, -0.8007]",,,,,"[0, 16.80487, -1.18623]",,,,,"[0, 16.80487, -1.18623]",,,,,"[0, 18.48536, -1.30485]",
front_right_shoe_c1,cube,front_right_shoe,front_right_shoe_c1,1,front_right_shoe,"[-4.54663, 0.00057, -13.54217]","[3.16213, 0.69082, 3.16212]",0.05,,,"[-4.54663, 0.00057, -13.74217]","[3.56213, 0.69082, 3.56212]",0.05,,,"[-4.91436, -0.00338, -14.62954]","[3.4231, 0.75408, 3.42309]",0.05,,,"[-4.3168, 0.00304, -12.86256]","[2.99902, 0.65128, 2.99901]",0.05,,,"[-4.89629, -0.00437, -14.90139]","[3.26834, 0.7699, 3.26834]",0.05,,,"[-5.00629, -0.00437, -14.90139]","[3.59834, 0.7699, 3.59833]",0.05,,,"[-4.54663, 0.00057, -13.54217]","[3.36213, 0.69082, 3.36212]",0.05,,,"[-4.54663, 0.00057, -13.54217]","[3.06213, 0.69082, 3.06212]",0.05,,,"[-5.45216, -0.00917, -16.21982]","[3.99476, 0.84661, 3.99475]",0.05,,,"[-4.54663, 0.00057, -13.54217]","[3.06213, 0.69082, 3.06212]",0.05,,,"[-4.54663, 0.00057, -13.54217]","[3.16213, 0.69082, 3.16212]",0.05,,,"[-4.08697, 0.00551, -12.18295]","[2.83592, 0.61174, 2.8359]",0.05,,,"[-5.46596, -0.00932, -16.4606]","[4.01456, 0.84899, 4.01454]",0.05,,,"[-4.64898, -0.00165, -14.15382]","[3.09993, 0.7264, 3.09992]",0.05,,,"[-5.46596, -0.00932, -16.5606]","[4.11456, 0.84899, 4.11454]",0.05,,,"[-3.5273, 0.01046, -10.42374]","[2.3097, 0.53265, 2.1097]",0.05,,,"[-3.6273, 0.01046, -10.82374]","[2.5097, 0.53266, 2.5097]",0.05,,,"[-4.3168, 0.00304, -12.86256]","[2.99902, 0.65128, 2.99901]",0.05,,,"[-4.77646, -0.0019, -14.22178]","[3.32524, 0.73036, 3.32523]",0.05,,,"[-3.05272, 0.01664, -9.12472]","[2.10193, 0.4338, 2.10193]",0.05,,,"[-4.54663, 0.00057, -13.34217]","[3.16213, 0.69082, 2.96212]",0.05,,,"[-4.54663, 0.00057, -13.54217]","[3.16213, 0.69082, 3.16212]",0.05,,,"[-5.00629, -0.00437, -14.90139]","[3.48834, 0.7699, 3.48833]",0.05,,
front_left_leg,bone,front_left_leg,,,body,,,,"[2.96556, 14.82782, -10.62661]",,,,,"[2.96556, 14.82782, -10.62661]",,,,,"[3.2028, 16.01405, -11.47674]",,,,,"[2.81728, 14.08643, -10.09528]",,,,,"[3.26212, 16.3106, -11.68927]",,,,,"[3.26212, 16.3106, -11.68927]",,,,,"[2.96556, 14.82782, -10.62661]",,,,,"[2.96556, 14.82782, -10.62661]",,,,,"[3.54978, 17.7489, -12.72005]",,,,,"[2.96556, 14.82782, -10.62661]",,,,,"[2.96556, 14.82782, -10.62661]",,,,,"[2.669, 13.34504, -9.56395]",,,,,"[3.55867, 17.79338, -12.75193]",,,,,"[3.09901, 15.49507, -11.10481]",,,,,"[3.55867, 17.79338, -12.75193]",,,,,"[2.37245, 11.86226, -8.50129]",,,,,"[2.37245, 11.86226, -8.50129]",,,,,"[2.81728, 14.08643, -10.09528]",,,,,"[3.11384, 15.56921, -11.15794]",,,,,"[2.00175, 8.20877, -7.17296]",,,,,"[2.96556, 14.82782, -10.62661]",,,,,"[2.96556, 14.82782, -10.62661]",,,,,"[3.26212, 16.3106, -11.68927]",
front_left_leg_c1,cube,front_left_leg,front_left_leg_c1,1,front_left_leg,"[0.98852, 8.89669, -12.85078]","[3.95409, 7.90818, 4.44835]",0,,,"[0.58852, 8.89669, -13.05078]","[4.35409, 7.90818, 4.84835]",0,,,"[1.1676, 9.60843, -13.67884]","[4.07042, 8.54083, 4.60422]",0,,,"[0.93909, 8.45186, -12.20824]","[3.75639, 7.51277, 4.22593]",0,,,"[1.19737, 9.78636, -14.13586]","[4.1295, 8.699, 4.67319]",0,,,"[0.97737, 9.78636, -14.13586]","[4.4595, 10.349, 5.00319]",0,,,"[0.78852, 8.89669, -12.85078]","[4.15409, 7.90818, 4.64835]",0,,,"[1.08852, 8.89669, -12.85078]","[3.85409, 7.90818, 4.34835]",0,,,"[0.99326, 10.64934, -15.38238]","[4.92305, 9.46609, 5.51467]",0,,,"[1.08852, 8.89669, -12.85078]","[3.85409, 7.90818, 4.34835]",0,,,"[1.08852, 8.89669, -12.55078]","[3.75409, 7.90818, 4.14835]",0,,,"[0.88967, 8.00702, -11.5657]","[3.55868, 7.11736, 4.00351]",0,,,"[0.98622, 10.67603, -15.62094]","[4.94491, 10.68981, 5.53802]",0,,,"[1.2375, 9.29704, -13.22907]","[3.72303, 8.26405, 4.23953]",0,,,"[0.88622, 10.67603, -15.72094]","[5.04491, 9.48981, 5.63802]",0,,,"[0.89082, 7.11735, -9.88062]","[2.96327, 6.32655, 3.15868]",0,,,"[0.87082, 7.11735, -10.12062]","[3.00327, 6.32654, 3.39868]",0,,,"[1.03909, 8.45186, -11.90824]","[3.55639, 7.51277, 3.92593]",0,,,"[1.14295, 9.34152, -13.17832]","[3.94179, 8.30359, 4.35577]",0,,,"[0.57725, 6.00527, -8.85427]","[2.84901, 5.33802, 3.18263]",0,,,"[1.08852, 8.89669, -12.55078]","[3.75409, 8.90818, 4.14835]",0,,,"[1.08852, 8.89669, -12.55078]","[3.75409, 7.90818, 4.14835]",0,,,"[0.88737, 9.78636, -14.63586]","[4.7495, 8.699, 5.39318]",0,,
front_left_calf,bone,front_left_calf,,,front_left_leg,,,,"[2.96556, 9.39096, -10.62661]",,,,,"[2.96556, 9.39096, -10.62661]",,,,,"[3.2028, 10.14224, -11.47674]",,,,,"[2.81728, 8.92141, -10.09528]",,,,,"[3.26212, 10.33006, -11.68927]",,,,,"[3.26212, 10.33006, -11.68927]",,,,,"[2.96556, 9.39096, -10.62661]",,,,,"[2.96556, 9.39096, -10.62661]",,,,,"[3.54978, 11.24098, -12.72005]",,,,,"[2.96556, 9.39096, -10.62661]",,,,,"[2.96556, 9.39096, -10.62661]",,,,,"[2.669, 8.45186, -9.56395]",,,,,"[3.55867, 11.26915, -12.75193]",,,,,"[3.09901, 9.81356, -11.10481]",,,,,"[3.55867, 11.26915, -12.75193]",,,,,"[2.37245, 7.51277, -8.50129]",,,,,"[2.37245, 7.51277, -8.50129]",,,,,"[2.81728, 8.92141, -10.09528]",,,,,"[3.11384, 9.86051, -11.15794]",,,,,"[2.00175, 6.3389, -7.17296]",,,,,"[2.96556, 9.39096, -10.62661]",,,,,"[2.96556, 9.39096, -10.62661]",,,,,"[3.26212, 10.33006, -11.68927]",
front_left_calf_c1,cube,front_left_calf,front_left_calf_c1,1,front_left_calf,"[1.48278, 1.97704, -12.35652]","[2.96557, 8.8967, 3.45983]",0,,,"[1.08278, 1.97704, -12.55652]","[3.36557, 8.8967, 3.85983]",0,,,"[1.7014, 2.1352, -13.14504]","[3.00282, 9.60844, 3.53661]",0,,,"[1.40864, 1.87819, -11.73869]","[2.81729, 8.45186, 3.28683]",0,,,"[1.74106, 2.17474, -13.59217]","[3.04213, 9.78637, 3.58581]",0,,,"[1.52106, 2.17474, -13.59217]","[3.37212, 9.78637, 3.91581]",0,,,"[1.28278, 1.97704, -12.35652]","[3.16557, 8.8967, 3.65983]",0,,,"[1.58278, 1.97704, -12.35652]","[2.86557, 8.8967, 3.35983]",0,,,"[1.58488, 2.36652, -14.79076]","[3.73979, 10.64934, 4.33142]",0,,,"[1.58278, 1.97704, -12.35652]","[2.86557, 8.8967, 3.35983]",0,,,"[1.58278, 1.97704, -12.05652]","[2.76557, 8.8967, 3.15983]",0,,,"[1.3345, 1.77934, -11.12087]","[2.66901, 8.00703, 3.11385]",0,,,"[1.57934, 2.37245, -15.02782]","[3.75868, 10.67604, 4.35179]",0,,,"[1.75401, 2.066, -12.71256]","[2.69002, 9.29705, 3.20652]",0,,,"[1.47934, 2.37245, -15.12782]","[3.85868, 10.67604, 4.45179]",0,,,"[1.28622, 1.58163, -9.48522]","[2.17246, 7.11736, 2.36787]",0,,,"[1.26622, 1.58163, -9.72522]","[2.21246, 7.11736, 2.60786]",0,,,"[1.50864, 1.87819, -11.43869]","[2.61729, 8.45187, 2.98684]",0,,,"[1.66192, 2.07589, -12.65935]","[2.90385, 9.34154, 3.31782]",0,,,"[0.91087, 1.3345, -8.52065]","[2.18176, 6.00528, 2.51538]",0,,,"[1.58278, 1.97704, -12.05652]","[2.76557, 8.8967, 3.15983]",0,,,"[1.58278, 1.97704, -12.05652]","[2.76557, 8.8967, 3.15983]",0,,,"[1.43106, 2.17474, -14.09217]","[3.66213, 9.78637, 4.30581]",0,,
front_left_feathering,bone,front_left_feathering,,,front_left_calf,,,,"[2.96556, 8.66952, -9.68806]",,,,,"[2.96556, 8.66952, -9.68806]",,,,,"[3.2028, 9.36308, -10.4631]",,,,,"[2.81728, 8.23604, -9.20366]",,,,,"[3.26212, 9.53647, -10.65687]",,,,,"[3.26212, 9.53647, -10.65687]",,,,,"[2.96556, 8.66952, -9.68806]",,,,,"[2.96556, 8.66952, -9.68806]",,,,,"[3.54978, 10.37742, -11.59661]","[2.5, 0, 0]",,,,"[2.96556, 8.66952, -9.68806]",,,,,"[2.96556, 8.66952, -9.68806]",,,,,"[2.669, 7.80257, -8.71925]",,,,,"[3.55867, 10.40342, -11.62567]",,,,,"[3.09901, 9.05965, -10.12403]",,,,,"[3.55867, 10.40342, -11.62567]","[2.5, 0, 0]",,,,"[2.37245, 6.93562, -7.75045]",,,,,"[2.37245, 6.93562, -7.75045]",,,,,"[2.81728, 8.23604, -9.20366]",,,,,"[3.11384, 9.103, -10.17246]",,,,,"[2.00175, 5.85193, -6.53944]",,,,,"[2.96556, 8.66952, -9.68806]",,,,,"[2.96556, 8.66952, -9.68806]",,,,,"[3.26212, 9.53647, -10.65687]",
front_left_feathering_c1,cube,front_left_feathering,front_left_feathering_c1,1,front_left_feathering,"[1.48255, 0.60929, -11.37995]","[2.96603, 8.31108, 3.46029]",-0.01,"[2.96556, 4.47179, -9.64981]","[7.5, 0, 0]","[1.08255, 0.60929, -11.37995]","[3.36603, 8.31108, 3.86029]",-0.01,"[2.96556, 4.47179, -9.44981]","[10, 0, 0]","[1.70195, 0.65883, -12.28955]","[3.00172, 8.97437, 3.73552]",-0.01,"[3.2028, 4.82953, -10.42179]","[7.5, 0, 0]","[1.40792, 0.57833, -10.81145]","[2.81873, 7.89652, 3.28827]",-0.01,"[2.81728, 4.2482, -9.16732]","[7.5, 0, 0]","[1.7418, 0.67122, -12.51694]","[3.04064, 9.14019, 3.58431]",-0.01,"[3.26212, 4.91897, -10.61479]","[7.5, 0, 0]","[1.5218, 0.67122, -12.51694]","[3.37064, 9.14019, 3.91431]",-0.01,"[3.26212, 4.91897, -10.61479]","[7.5, 0, 0]","[1.28255, 0.60929, -11.37995]","[3.16603, 8.31108, 3.66029]",-0.01,"[2.96556, 4.47179, -9.64981]","[7.5, 0, 0]","[1.58255, 0.60929, -11.37995]","[2.86603, 8.31108, 3.36029]",-0.01,"[2.96556, 4.47179, -9.64981]","[7.5, 0, 0]","[1.58658, 0.73129, -13.61983]","[3.7364, 9.94443, 4.32803]",-0.01,"[3.54978, 5.35274, -11.55082]","[7.5, 0, 0]","[1.58255, 0.60929, -11.37995]","[2.86603, 8.31108, 3.36029]",-0.01,"[2.96556, 4.47179, -9.64981]","[7.5, 0, 0]","[1.58255, 0.60929, -11.37995]","[2.76603, 8.31108, 3.46029]",-0.01,"[2.96556, 4.47179, -9.64981]","[7.5, 0, 0]","[1.33329, 0.54736, -10.24295]","[2.67143, 7.48197, 3.11626]",-0.01,"[2.669, 4.02461, -8.68483]","[7.5, 0, 0]","[1.58106, 0.73315, -13.85394]","[3.75524, 9.96929, 4.34835]",-0.01,"[3.55867, 5.36615, -11.57977]","[7.5, 0, 0]","[1.75421, 0.63716, -11.89159]","[2.68961, 8.68418, 3.40609]",-0.01,"[3.09901, 4.67302, -10.08405]","[7.5, 0, 0]","[1.48106, 0.73315, -13.95394]","[3.85524, 9.96929, 4.44835]",-0.01,"[3.55867, 5.36615, -11.57977]","[7.5, 0, 0]","[1.28404, 0.48543, -8.70596]","[2.17682, 6.65287, 2.37223]",-0.01,"[2.37245, 3.57743, -7.71985]","[7.5, 0, 0]","[1.26404, 0.48543, -9.10596]","[2.21682, 6.65286, 2.77223]",-0.01,"[2.37245, 3.57743, -7.71985]","[7.5, 0, 0]","[1.50792, 0.57833, -10.81145]","[2.61873, 7.89653, 3.28828]",-0.01,"[2.81728, 4.2482, -9.16732]","[7.5, 0, 0]","[1.66218, 0.64025, -11.94845]","[2.90333, 8.72563, 3.6323]",-0.01,"[3.11384, 4.69538, -10.1323]","[7.5, 0, 0]","[0.90747, 0.40802, -7.68471]","[2.18857, 5.61648, 2.34219]",-0.01,"[2.00175, 3.01846, -6.51362]","[7.5, 0, 0]","[1.58255, 0.60929, -11.37995]","[2.76603, 8.31108, 3.26029]",-0.01,"[2.96556, 4.47179, -9.64981]","[7.5, 0, 0]","[1.58255, 0.60929, -11.37995]","[2.76603, 8.31108, 3.46029]",-0.01,"[2.96556, 4.47179, -9.64981]","[7.5, 0, 0]","[1.4318, 0.67122, -12.51694]","[3.66063, 9.14019, 3.80432]",-0.01,"[3.26212, 4.91897, -10.61479]","[7.5, 0, 0]"
front_left_hoof,bone,front_left_hoof,,,front_left_calf,,,,"[2.96556, 2.57016, -10.97259]",,,,,"[2.96556, 2.57016, -10.97259]",,,,,"[3.2028, 2.77577, -11.8504]",,,,,"[2.81728, 2.44165, -10.42396]",,,,,"[3.26212, 2.82718, -12.06985]",,,,,"[3.26212, 2.82718, -12.06985]",,,,,"[2.96556, 2.57016, -10.97259]",,,,,"[2.96556, 2.57016, -10.97259]",,,,,"[3.54978, 3.07648, -13.13419]",,,,,"[2.96556, 2.57016, -10.97259]",,,,,"[2.96556, 2.57016, -10.97259]",,,,,"[2.669, 2.31314, -9.87533]",,,,,"[3.55867, 3.08419, -13.16711]",,,,,"[3.09901, 2.68582, -11.46636]",,,,,"[3.55867, 3.08419, -13.16711]",,,,,"[2.37245, 2.05613, -8.77807]",,,,,"[2.37245, 2.05613, -8.77807]",,,,,"[2.81728, 2.44165, -10.42396]",,,,,"[3.11384, 2.69867, -11.52122]",,,,,"[2.00175, 1.73486, -7.4065]",,,,,"[2.96556, 2.57016, -10.97259]",,,,,"[2.96556, 2.57016, -10.97259]",,,,,"[3.26212, 2.82718, -12.06985]",
front_left_hoof_c1,cube,front_left_hoof,front_left_hoof_c1,1,front_left_hoof,"[1.38405, 0.00011, -13.54263]","[3.16303, 3.16304, 3.16304]",0.01,,,"[0.98405, 0.00011, -13.74263]","[3.56303, 3.36304, 3.56304]",0.01,,,"[1.59397, -0.00068, -14.42684]","[3.21768, 3.41768, 3.21768]",0.01,,,"[1.31535, 0.0006, -12.865]","[3.00388, 3.00389, 3.00389]",0.01,,,"[1.63146, -0.00088, -14.89789]","[3.26133, 3.26135, 3.26134]",0.01,,,"[1.41146, -0.00088, -14.89789]","[3.59133, 3.70135, 3.59134]",0.01,,,"[1.18405, 0.00011, -13.54263]","[3.36303, 3.36304, 3.36304]",0.01,,,"[1.48405, 0.00011, -13.54263]","[3.06303, 3.06304, 3.06304]",0.01,,,"[1.46473, -0.00184, -16.21249]","[3.98009, 3.7901, 3.98009]",0.01,,,"[1.48405, 0.00011, -13.54263]","[3.06303, 3.06304, 3.06304]",0.01,,,"[1.48405, 0.00011, -13.24263]","[2.96303, 2.86304, 2.86304]",0.01,,,"[1.24664, 0.0011, -12.18737]","[2.84473, 2.84474, 2.84474]",0.01,,,"[1.45886, -0.00187, -16.45316]","[3.99964, 3.79965, 3.99965]",0.01,,,"[1.65039, -0.00034, -13.9525]","[2.89726, 2.99729, 2.89728]",0.01,,,"[1.35886, -0.00187, -16.55316]","[4.09964, 4.09965, 4.09965]",0.01,,,"[1.20924, 0.00209, -10.4321]","[2.32642, 2.12643, 2.12643]",0.01,,,"[1.18924, 0.00209, -10.6721]","[2.36642, 2.36643, 2.36643]",0.01,,,"[1.41535, 0.0006, -12.565]","[2.80388, 2.80389, 2.70389]",0.01,,,"[1.55775, -0.00038, -13.90526]","[3.11218, 3.11219, 3.00719]",0.01,,,"[0.84749, 0.00332, -9.31802]","[2.30854, 2.12855, 2.30855]",0.01,,,"[1.48405, 0.00011, -13.24263]","[2.96303, 2.96304, 2.86304]",0.01,,,"[1.48405, 0.00011, -13.24263]","[2.96303, 2.96304, 2.86304]",0.01,,,"[1.32146, -0.00088, -15.39789]","[3.88133, 3.78134, 3.98134]",0.01,,
front_left_shoe,bone,front_left_shoe,,,front_left_hoof,,,,"[0, 16.80487, -1.18623]",,,,,"[0, 16.80487, -1.18623]",,,,,"[0, 18.14926, -1.28113]",,,,,"[0, 15.96463, -1.12692]",,,,,"[0, 18.48536, -1.30485]",,,,,"[0, 18.48536, -1.30485]",,,,,"[0, 16.80487, -1.18623]",,,,,"[0, 16.80487, -1.18623]",,,,,"[0, 20.11543, -1.41992]",,,,,"[0, 16.80487, -1.18623]",,,,,"[0, 16.80487, -1.18623]",,,,,"[0, 15.12438, -1.06761]",,,,,"[0, 20.16584, -1.42348]",,,,,"[0, 17.56109, -1.23961]",,,,,"[0, 20.16584, -1.42348]",,,,,"[0, 13.4439, -0.94898]",,,,,"[0, 13.4439, -0.94898]",,,,,"[0, 15.96463, -1.12692]",,,,,"[0, 17.64511, -1.24554]",,,,,"[0, 11.34329, -0.8007]",,,,,"[0, 16.80487, -1.18623]",,,,,"[0, 16.80487, -1.18623]",,,,,"[0, 18.48536, -1.30485]",
front_left_shoe_c1,cube,front_left_shoe,front_left_shoe_c1,1,front_left_shoe,"[1.3845, 0.00057, -13.54217]","[3.16213, 0.69082, 3.16212]",0.05,,,"[0.9845, 0.00057, -13.74217]","[3.56213, 0.69082, 3.56212]",0.05,,,"[1.49126, -0.00338, -14.62954]","[3.4231, 0.75408, 3.42309]",0.05,,,"[1.31777, 0.00304, -12.86256]","[2.99903, 0.65128, 2.99901]",0.05,,,"[1.62795, -0.00437, -14.90139]","[3.26834, 0.7699, 3.26834]",0.05,,,"[1.40795, -0.00437, -14.90139]","[3.59834, 0.7699, 3.59833]",0.05,,,"[1.1845, 0.00057, -13.54217]","[3.36213, 0.69082, 3.36212]",0.05,,,"[1.4845, 0.00057, -13.54217]","[3.06213, 0.69082, 3.06212]",0.05,,,"[1.4574, -0.00917, -16.21982]","[3.99476, 0.84661, 3.99475]",0.05,,,"[1.4845, 0.00057, -13.54217]","[3.06213, 0.69082, 3.06212]",0.05,,,"[1.3845, 0.00057, -13.54217]","[3.16213, 0.69082, 3.16212]",0.05,,,"[1.25105, 0.00551, -12.18295]","[2.83592, 0.61174, 2.8359]",0.05,,,"[1.4514, -0.00932, -16.4606]","[4.01456, 0.84899, 4.01454]",0.05,,,"[1.54905, -0.00165, -14.15382]","[3.09993, 0.7264, 3.09992]",0.05,,,"[1.3514, -0.00932, -16.5606]","[4.11456, 0.84899, 4.11454]",0.05,,,"[1.2176, 0.01046, -10.42374]","[2.3097, 0.53265, 2.1097]",0.05,,,"[1.1176, 0.01046, -10.82374]","[2.5097, 0.53266, 2.5097]",0.05,,,"[1.31778, 0.00304, -12.86256]","[2.99902, 0.65128, 2.99901]",0.05,,,"[1.45123, -0.0019, -14.22178]","[3.32524, 0.73036, 3.32523]",0.05,,,"[0.95078, 0.01664, -9.12472]","[2.10194, 0.4338, 2.10193]",0.05,,,"[1.3845, 0.00057, -13.34217]","[3.16213, 0.69082, 2.96212]",0.05,,,"[1.3845, 0.00057, -13.54217]","[3.16213, 0.69082, 3.16212]",0.05,,,"[1.51795, -0.00437, -14.90139]","[3.48834, 0.7699, 3.48833]",0.05,,
back_right_leg,bone,back_right_leg,,,body,,,,"[-3.45983, 21.74748, 8.39096]",,,,,"[-3.45983, 21.74748, 8.39096]",,,,,"[-3.73662, 23.48728, 9.06224]",,,,,"[-3.28684, 19.71011, 7.97141]",,,,,"[-3.80581, 23.92223, 9.23006]",,,,,"[-3.80581, 25.02223, 9.23006]",,,,,"[-3.45983, 20.74748, 8.39096]",,,,,"[-3.45983, 21.74748, 8.39096]",,,,,"[-4.14142, 26.03173, 10.04398]",,,,,"[-3.45983, 21.74748, 8.39096]",,,,,"[-3.45983, 21.74748, 8.39096]",,,,,"[-3.11385, 18.67273, 7.55186]",,,,,"[-4.1518, 27.29698, 10.06915]",,,,,"[-3.61552, 22.72612, 8.76856]",,,,,"[-4.1518, 25.09698, 10.06915]",,,,,"[-2.76786, 16.39798, 6.71277]",,,,,"[-2.76786, 17.39798, 6.71277]",,,,,"[-3.28684, 20.66011, 7.97141]",,,,,"[-3.63282, 22.83485, 8.81051]",,,,,"[-2.33538, 13.77955, 5.6639]",,,,,"[-3.45983, 22.34748, 8.39096]",,,,,"[-3.45983, 21.74748, 8.39096]",,,,,"[-3.80581, 22.92223, 9.23006]",
back_right_leg_c1,cube,back_right_leg,back_right_leg_c1,1,back_right_leg,"[-5.93101, 13.83942, 4.43698]","[4.94237, 10.87351, 8.40221]",0.01,,,"[-5.93101, 13.33942, 4.03698]","[5.34237, 11.37351, 8.80221]",0.01,,,"[-6.30629, 14.94577, 4.99114]","[5.13936, 11.74499, 8.87599]",0.01,,,"[-5.63396, 12.19795, 4.21563]","[4.69425, 10.32883, 7.9811]",0.01,,,"[-6.41511, 15.22236, 5.09968]","[5.21861, 11.96286, 9.02443]",0.01,,,"[-6.52511, 16.10236, 4.76968]","[5.54861, 12.18286, 9.35443]",0.01,,,"[-5.93101, 12.33942, 4.23698]","[5.14237, 11.37351, 8.60221]",0.01,,,"[-5.93101, 13.33942, 4.53698]","[4.84237, 11.07351, 8.30221]",0.01,,,"[-7.10139, 16.18382, 5.11909]","[6.10995, 13.39953, 10.25139]",0.01,,,"[-5.93101, 13.78942, 4.53698]","[4.84237, 10.87351, 8.30221]",0.01,,,"[-5.83101, 14.33942, 4.73698]","[4.74237, 10.37351, 8.10221]",0.01,,,"[-5.33691, 11.55648, 3.99428]","[4.44613, 9.78416, 7.55999]",0.01,,,"[-7.11921, 17.8053, 5.12238]","[6.13484, 13.05222, 10.28665]",0.01,,,"[-5.99385, 14.84174, 5.0452]","[4.75668, 10.98372, 8.3722]",0.01,,,"[-7.11921, 15.6053, 5.02238]","[6.23484, 13.05222, 10.38665]",0.01,,,"[-4.64281, 10.07354, 3.95158]","[3.7499, 8.6948, 6.31777]",0.01,,,"[-4.66281, 11.07354, 3.71158]","[3.7899, 8.69481, 6.55777]",0.01,,,"[-5.53396, 13.14795, 4.51563]","[4.49425, 10.32883, 7.6811]",0.01,,,"[-6.12306, 14.53089, 4.97333]","[4.98049, 11.41819, 8.50832]",0.01,,,"[-4.09018, 8.44486, 2.81822]","[3.5096, 7.33312, 5.84499]",0.01,,,"[-5.83101, 14.13942, 4.73698]","[4.74237, 11.17351, 8.10221]",0.01,,,"[-5.83101, 13.83942, 4.73698]","[4.74237, 10.87351, 8.10221]",0.01,,,"[-6.72511, 14.22236, 4.37968]","[5.83861, 11.96286, 9.74443]",0.01,,
back_left_calf,bone,back_left_calf,,,back_right_leg,,,,"[-3.45983, 15.88522, 11.10939]",,,,,"[-3.45983, 15.88522, 11.10939]",,,,,"[-3.73662, 17.15604, 11.99814]",,,,,"[-3.28684, 15.09096, 10.55392]",,,,,"[-3.80581, 17.47374, 12.22033]",,,,,"[-3.80581, 17.47374, 12.22033]",,,,,"[-3.45983, 15.88522, 11.10939]",,,,,"[-3.45983, 15.88522, 11.10939]",,,,,"[-4.14142, 19.01461, 13.29794]",,,,,"[-3.45983, 15.88522, 11.10939]",,,,,"[-3.45983, 15.88522, 11.10939]",,,,,"[-3.11385, 14.2967, 9.99845]",,,,,"[-4.1518, 19.06226, 13.33127]",,,,,"[-3.61552, 16.60005, 11.60931]",,,,,"[-4.1518, 19.06226, 13.33127]",,,,,"[-2.76786, 12.70818, 8.88751]",,,,,"[-2.76786, 12.70818, 8.88751]",,,,,"[-3.28684, 15.09096, 10.55392]",,,,,"[-3.63282, 16.67948, 11.66486]",,,,,"[-2.33538, 8.92252, 7.49884]",,,,,"[-3.45983, 15.88522, 11.10939]",,,,,"[-3.45983, 15.88522, 11.10939]",,,,,"[-3.80581, 17.47374, 12.22033]",
back_left_calf_c1,cube,back_left_calf,back_left_calf_c1,1,back_left_calf,"[-5.43687, 9.88522, 8.40243]","[3.95409, 6.91965, 5.43687]",0,,,"[-5.43687, 9.88522, 8.00243]","[4.35409, 6.91965, 5.83687]",0,,,"[-5.77182, 10.67604, 9.27462]","[4.07042, 7.47322, 5.67182]",0,,,"[-5.16503, 9.39096, 7.98231]","[3.75639, 6.57367, 5.16503]",0,,,"[-5.87056, 10.87374, 9.46267]","[4.1295, 7.61162, 5.76056]",0,,,"[-5.98056, 10.87374, 9.13267]","[4.4595, 8.71162, 6.09056]",0,,,"[-5.43687, 9.88522, 8.20243]","[4.15409, 6.91965, 5.63687]",0,,,"[-5.43687, 9.88522, 8.50243]","[3.85409, 6.91965, 5.33687]",0,,,"[-6.50794, 11.83261, 9.86771]","[4.92305, 8.28282, 6.69793]",0,,,"[-5.43687, 9.88522, 8.50243]","[3.85409, 6.91965, 5.33687]",0,,,"[-5.33687, 9.88522, 8.70243]","[3.75409, 6.91965, 5.13687]",0,,,"[-4.89318, 8.8967, 7.56219]","[3.55868, 6.22768, 4.89318]",0,,,"[-6.52424, 11.86226, 9.88292]","[4.9449, 8.90358, 6.72424]",0,,,"[-5.47703, 10.33005, 9.48954]","[3.72302, 7.23104, 4.97253]",0,,,"[-6.52424, 11.86226, 9.78292]","[5.0449, 8.30358, 6.82424]",0,,,"[-4.2495, 7.90818, 7.12194]","[2.96328, 5.53572, 3.9495]",0,,,"[-4.2695, 7.90818, 6.88194]","[3.00327, 5.53572, 4.1895]",0,,,"[-5.06503, 9.39096, 8.28231]","[3.55639, 6.57367, 4.86503]",0,,,"[-5.60371, 10.37948, 9.13755]","[3.94179, 7.26563, 5.39371]",0,,,"[-3.75989, 6.67253, 5.49164]","[2.84901, 4.67076, 3.84989]",0,,,"[-5.33687, 9.88522, 8.70243]","[3.75409, 7.91965, 5.13687]",0,,,"[-5.33687, 9.88522, 8.70243]","[3.75409, 6.91965, 5.13687]",0,,,"[-6.18056, 10.87374, 8.74267]","[4.7495, 7.61162, 6.48056]",0,,
back_left_calf_c2,cube,back_left_calf,back_left_calf_c2,2,back_left_calf,"[-4.94261, 1.97704, 10.37948]","[2.96557, 7.90818, 3.45982]",0,,,"[-4.94261, 1.97704, 9.97948]","[3.36557, 7.90818, 3.85982]",0,,,"[-5.23802, 2.1352, 11.40984]","[3.00282, 8.54084, 3.5366]",0,,,"[-4.69548, 1.87819, 9.86051]","[2.81729, 7.51277, 3.28683]",0,,,"[-5.32687, 2.17474, 11.63743]","[3.04213, 8.699, 3.5858]",0,,,"[-5.43687, 2.17474, 11.30743]","[3.37213, 8.699, 3.9158]",0,,,"[-4.94261, 1.97704, 10.17948]","[3.16557, 7.90818, 3.65982]",0,,,"[-4.94261, 1.97704, 10.47948]","[2.86557, 7.90818, 3.35982]",0,,,"[-5.91631, 2.36652, 12.23423]","[3.73979, 9.46609, 4.33141]",0,,,"[-4.94261, 1.97704, 10.47948]","[2.86557, 7.90818, 3.35982]",0,,,"[-4.84261, 1.97704, 10.67948]","[2.76557, 7.90818, 3.15982]",0,,,"[-4.44835, 1.77934, 9.34153]","[2.66901, 7.11736, 3.11384]",0,,,"[-5.93113, 2.37245, 12.25538]","[3.75868, 9.48981, 4.35178]",0,,,"[-4.96053, 2.066, 11.25556]","[2.69003, 8.26405, 3.20651]",0,,,"[-5.93113, 2.37245, 12.15538]","[3.85868, 9.48981, 4.45178]",0,,,"[-3.85409, 1.58163, 8.70358]","[2.17246, 6.32655, 2.36786]",0,,,"[-3.87409, 1.58163, 8.46358]","[2.21246, 6.32654, 2.60786]",0,,,"[-4.59548, 1.87819, 10.16051]","[2.61729, 7.51277, 2.98683]",0,,,"[-5.08474, 2.07589, 11.21345]","[2.90385, 8.30359, 3.31781]",0,,,"[-3.42626, 1.3345, 6.82615]","[2.18176, 5.33803, 2.51537]",0,,,"[-4.84261, 1.97704, 10.67948]","[2.76557, 7.90818, 3.15982]",0,,,"[-4.84261, 1.97704, 10.67948]","[2.76557, 7.90818, 3.15982]",0,,,"[-5.63687, 2.17474, 10.91743]","[3.66213, 8.699, 4.3058]",0,,
back_right_feathering,bone,back_right_feathering,,,back_left_calf,,,,"[-3.06556, 8.66952, 12.75514]",,,,,"[-3.06556, 8.66952, 12.75514]",,,,,"[-3.3108, 9.36308, 13.77555]",,,,,"[-2.91228, 8.23604, 12.11738]",,,,,"[-3.37212, 9.53647, 14.03065]",,,,,"[-3.37212, 9.53647, 14.03065]",,,,,"[-3.06556, 8.66952, 12.75514]",,,,,"[-3.06556, 8.66952, 12.75514]",,,,,"[-3.66948, 10.37742, 15.26791]","[2.5, 0, 0]",,,,"[-3.06556, 8.66952, 12.75514]",,,,,"[-3.06556, 8.66952, 12.75514]",,,,,"[-2.759, 7.80257, 11.47963]",,,,,"[-3.67867, 10.40342, 15.30617]",,,,,"[-3.20351, 9.05965, 13.32912]",,,,,"[-3.67867, 10.40342, 15.30617]","[2.5, 0, 0]",,,,"[-2.45245, 6.93562, 10.20411]",,,,,"[-2.45245, 6.93562, 10.20411]",,,,,"[-2.91228, 8.23604, 12.11738]",,,,,"[-3.21884, 9.103, 13.3929]",,,,,"[-2.06925, 5.85193, 8.60972]",,,,,"[-3.06556, 8.66952, 12.75514]",,,,,"[-3.06556, 8.66952, 12.75514]",,,,,"[-3.37212, 9.53647, 14.03065]",
back_right_feathering_c1,cube,back_right_feathering,back_right_feathering_c1,1,back_right_feathering,"[-4.9393, 0.60929, 10.98877]","[2.96603, 8.31108, 3.46029]",-0.01,"[-3.45628, 4.47179, 12.71891]","[7.5, 0, 0]","[-4.9393, 0.60929, 10.98877]","[3.36603, 8.31108, 3.86029]",-0.01,"[-3.45628, 4.47179, 13.11891]","[12.5, 0, 0]","[-5.23364, 0.65883, 11.86867]","[3.00171, 8.97437, 3.73551]",-0.01,"[-3.73278, 4.82953, 13.73642]","[7.5, 0, 0]","[-4.69283, 0.57833, 10.43883]","[2.81872, 7.89652, 3.28828]",-0.01,"[-3.28347, 4.2482, 12.08296]","[7.5, 0, 0]","[-5.32223, 0.67122, 12.30865]","[3.04063, 9.14019, 3.58432]",-0.01,"[-3.80191, 4.91897, 13.9908]","[7.5, 0, 0]","[-5.43223, 0.67122, 11.97865]","[3.37063, 9.14019, 3.91432]",-0.01,"[-3.80191, 4.91897, 13.9908]","[7.5, 0, 0]","[-4.9393, 0.60929, 10.78877]","[3.16603, 8.31108, 3.66029]",-0.01,"[-3.45628, 4.47179, 12.71891]","[7.5, 0, 0]","[-4.9393, 0.60929, 11.08877]","[2.86603, 8.31108, 3.36029]",-0.01,"[-3.45628, 4.47179, 12.71891]","[7.5, 0, 0]","[-5.91037, 0.73129, 12.96553]","[3.7364, 9.94443, 4.32803]",-0.01,"[-4.13716, 5.35274, 15.22454]","[7.5, 0, 0]","[-4.9393, 0.60929, 11.08877]","[2.86603, 8.31108, 3.36029]",-0.01,"[-3.45628, 4.47179, 12.71891]","[7.5, 0, 0]","[-4.8393, 0.60929, 11.28877]","[2.76603, 8.31108, 3.16029]",-0.01,"[-3.45628, 4.47179, 12.71891]","[7.5, 0, 0]","[-4.44637, 0.54736, 9.88889]","[2.67143, 7.48197, 3.11626]",-0.01,"[-3.11065, 4.02461, 11.44702]","[7.5, 0, 0]","[-5.92516, 0.73315, 12.98852]","[3.75524, 9.96929, 4.34835]",-0.01,"[-4.14754, 5.36615, 15.26269]","[7.5, 0, 0]","[-4.95662, 0.63716, 11.69272]","[2.6896, 8.68418, 3.4061]",-0.01,"[-3.61181, 4.67302, 13.29126]","[7.5, 0, 0]","[-5.92516, 0.73315, 12.88852]","[3.85524, 9.96929, 4.44835]",-0.01,"[-4.14754, 5.36615, 15.26269]","[7.5, 0, 0]","[-3.85344, 0.48543, 9.18902]","[2.17682, 6.65287, 2.37223]",-0.01,"[-2.76502, 3.57743, 10.17513]","[7.5, 0, 0]","[-3.87344, 0.48543, 8.78902]","[2.21682, 6.65286, 2.77223]",-0.01,"[-2.76502, 3.57743, 10.17513]","[7.5, 0, 0]","[-4.59283, 0.57833, 10.43883]","[2.61873, 7.89653, 3.28828]",-0.01,"[-3.28347, 4.2482, 12.08296]","[7.5, 0, 0]","[-5.08076, 0.64025, 11.53871]","[2.90333, 8.72563, 3.6323]",-0.01,"[-3.62909, 4.69538, 13.35486]","[7.5, 0, 0]","[-3.42728, 0.40802, 7.41417]","[2.18858, 5.61648, 2.3422]",-0.01,"[-2.33299, 3.01846, 8.58526]","[7.5, 0, 0]","[-4.8393, 0.60929, 10.98877]","[2.76603, 8.31108, 3.26029]",-0.01,"[-3.45628, 4.47179, 12.71891]","[7.5, 0, 0]","[-4.8393, 0.60929, 10.98877]","[2.76603, 8.31108, 3.46029]",-0.01,"[-3.45628, 4.47179, 12.71891]","[7.5, 0, 0]","[-5.63223, 0.67122, 12.08865]","[3.66063, 9.14019, 3.80432]",-0.01,"[-3.80191, 4.91897, 13.9908]","[7.5, 0, 0]"
back_left_hoof,bone,back_left_hoof,,,back_left_calf,,,,"[-3.45983, 2.57016, 10.76341]",,,,,"[-3.45983, 2.57016, 10.76341]",,,,,"[-3.73662, 2.77577, 11.62448]",,,,,"[-3.28684, 2.44165, 10.22524]",,,,,"[-3.80581, 2.82718, 11.83975]",,,,,"[-3.80581, 2.82718, 11.83975]",,,,,"[-3.45983, 2.57016, 10.76341]",,,,,"[-3.45983, 2.57016, 10.76341]",,,,,"[-4.14142, 3.07648, 12.88381]",,,,,"[-3.45983, 2.57016, 10.76341]",,,,,"[-3.45983, 2.57016, 10.76341]",,,,,"[-3.11385, 2.31314, 9.68707]",,,,,"[-4.1518, 3.08419, 12.91609]",,,,,"[-3.61552, 2.68582, 11.24776]",,,,,"[-4.1518, 3.08419, 12.91609]",,,,,"[-2.76786, 2.05613, 8.61073]",,,,,"[-2.76786, 2.05613, 8.61073]",,,,,"[-3.28684, 2.44165, 10.22524]",,,,,"[-3.63282, 2.69867, 11.30158]",,,,,"[-2.33538, 1.73486, 7.2653]",,,,,"[-3.45983, 2.57016, 10.76341]",,,,,"[-3.45983, 2.57016, 10.76341]",,,,,"[-3.80581, 2.82718, 11.83975]",
back_left_hoof_c1,cube,back_left_hoof,back_left_hoof_c1,1,back_left_hoof,"[-5.04135, 0.00011, 9.19337]","[3.16304, 3.16304, 3.16304]",0.01,,,"[-5.04135, 0.00011, 8.79337]","[3.56304, 3.36304, 3.56304]",0.01,,,"[-5.34546, -0.00068, 10.12804]","[3.21769, 3.41768, 3.21768]",0.01,,,"[-4.78878, 0.0006, 8.7342]","[3.00389, 3.00389, 3.00389]",0.01,,,"[-5.43649, -0.00088, 10.33171]","[3.26135, 3.26135, 3.26134]",0.01,,,"[-5.54649, -0.00088, 10.00171]","[3.59135, 3.70135, 3.59134]",0.01,,,"[-5.04135, 0.00011, 8.99337]","[3.36304, 3.36304, 3.36304]",0.01,,,"[-5.04135, 0.00011, 9.29337]","[3.06304, 3.06304, 3.06304]",0.01,,,"[-6.03647, -0.00184, 10.8125]","[3.9801, 3.7901, 3.9801]",0.01,,,"[-5.04135, 0.00011, 9.29337]","[3.06304, 3.06304, 3.06304]",0.01,,,"[-4.94135, 0.00011, 9.49337]","[2.96304, 2.86304, 2.86304]",0.01,,,"[-4.53622, 0.0011, 8.27503]","[2.84474, 2.84474, 2.84474]",0.01,,,"[-6.05162, -0.00187, 10.83004]","[3.99965, 3.79965, 3.99965]",0.01,,,"[-5.06417, -0.00034, 10.01562]","[2.89729, 2.99729, 2.89728]",0.01,,,"[-6.05162, -0.00187, 10.73004]","[4.09965, 4.09965, 4.09965]",0.01,,,"[-3.93108, 0.00209, 7.7567]","[2.32643, 2.12643, 2.12643]",0.01,,,"[-3.95108, 0.00209, 7.5167]","[2.36643, 2.36643, 2.36643]",0.01,,,"[-4.68878, 0.0006, 9.0342]","[2.80389, 2.80389, 2.70389]",0.01,,,"[-5.18892, -0.00038, 9.96754]","[3.11219, 3.11219, 3.00719]",0.01,,,"[-3.48966, 0.00332, 6.02878]","[2.30855, 2.12855, 2.30855]",0.01,,,"[-4.94135, 0.00011, 9.49337]","[2.96304, 2.96304, 2.86304]",0.01,,,"[-4.94135, 0.00011, 9.49337]","[2.96304, 2.96304, 2.86304]",0.01,,,"[-5.74649, -0.00088, 9.61171]","[3.88134, 3.78134, 3.98134]",0.01,,
back_left_shoe,bone,back_left_shoe,,,back_left_hoof,,,,"[-0.49426, 16.80487, 20.54977]",,,,,"[-0.49426, 16.80487, 20.54977]",,,,,"[-0.5338, 18.14926, 22.19375]",,,,,"[-0.46955, 15.96463, 19.52228]",,,,,"[-0.54369, 18.48536, 22.60475]",,,,,"[-0.54369, 18.48536, 22.60475]",,,,,"[-0.49426, 16.80487, 20.54977]",,,,,"[-0.49426, 16.80487, 20.54977]",,,,,"[-0.59163, 20.11543, 24.59807]",,,,,"[-0.49426, 16.80487, 20.54977]",,,,,"[-0.49426, 16.80487, 20.54977]",,,,,"[-0.44483, 15.12438, 18.49479]",,,,,"[-0.59311, 20.16584, 24.65972]",,,,,"[-0.51651, 17.56109, 21.47451]",,,,,"[-0.59311, 20.16584, 24.65972]",,,,,"[-0.39541, 13.4439, 16.43982]",,,,,"[-0.39541, 13.4439, 16.43982]",,,,,"[-0.46955, 15.96463, 19.52228]",,,,,"[-0.51897, 17.64511, 21.57726]",,,,,"[-0.33363, 11.34329, 13.8711]",,,,,"[-0.49426, 16.80487, 20.54977]",,,,,"[-0.49426, 16.80487, 20.54977]",,,,,"[-0.54369, 18.48536, 22.60475]",
back_left_shoe_c1,cube,back_left_shoe,back_left_shoe_c1,1,back_left_shoe,"[-5.04089, 0.00057, 9.19382]","[3.16213, 0.69082, 3.16213]",0.05,,,"[-5.04089, 0.00057, 8.79382]","[3.56213, 0.69082, 3.56213]",0.05,,,"[-5.44816, -0.00338, 9.92533]","[3.4231, 0.75408, 3.4231]",0.05,,,"[-4.78635, 0.00304, 8.73663]","[2.99903, 0.65128, 2.99902]",0.05,,,"[-5.43998, -0.00437, 10.3282]","[3.26834, 0.7699, 3.26835]",0.05,,,"[-5.54998, -0.00437, 9.9982]","[3.59834, 0.7699, 3.59835]",0.05,,,"[-5.04089, 0.00057, 8.99382]","[3.36213, 0.69082, 3.36213]",0.05,,,"[-5.04089, 0.00057, 9.29382]","[3.06213, 0.69082, 3.06213]",0.05,,,"[-6.04379, -0.00917, 10.80515]","[3.99476, 0.84661, 3.99478]",0.05,,,"[-5.04089, 0.00057, 9.29382]","[3.06213, 0.69082, 3.06213]",0.05,,,"[-5.04089, 0.00057, 9.19382]","[3.16213, 0.69082, 3.16213]",0.05,,,"[-4.5318, 0.00551, 8.27944]","[2.83592, 0.61174, 2.83592]",0.05,,,"[-6.05907, -0.00932, 10.82258]","[4.01456, 0.84899, 4.01456]",0.05,,,"[-5.16548, -0.00165, 9.81429]","[3.09992, 0.7264, 3.09993]",0.05,,,"[-6.05907, -0.00932, 10.72258]","[4.11456, 0.84899, 4.11456]",0.05,,,"[-3.92271, 0.01046, 7.76506]","[2.3097, 0.53265, 2.1097]",0.05,,,"[-4.02271, 0.01046, 7.36506]","[2.5097, 0.53266, 2.5097]",0.05,,,"[-4.78635, 0.00304, 8.73663]","[2.99902, 0.65128, 2.99902]",0.05,,,"[-5.29543, -0.0019, 9.65101]","[3.32524, 0.73036, 3.32524]",0.05,,,"[-3.38635, 0.01664, 6.22208]","[2.10194, 0.4338, 2.10193]",0.05,,,"[-5.04089, 0.00057, 9.39382]","[3.16213, 0.69082, 2.96213]",0.05,,,"[-5.04089, 0.00057, 9.19382]","[3.16213, 0.69082, 3.16213]",0.05,,,"[-5.54998, -0.00437, 10.1082]","[3.48834, 0.7699, 3.48834]",0.05,,
back_left_leg,bone,back_left_leg,,,body,,,,"[3.45983, 21.74748, 8.39096]",,,,,"[3.45983, 21.74748, 8.39096]",,,,,"[3.73662, 23.48728, 9.06224]",,,,,"[3.28684, 19.71011, 7.97141]",,,,,"[3.80581, 23.92223, 9.23006]",,,,,"[3.80581, 25.02223, 9.23006]",,,,,"[3.45983, 20.74748, 8.39096]",,,,,"[3.45983, 21.74748, 8.39096]",,,,,"[4.14142, 26.03173, 10.04398]",,,,,"[3.45983, 21.74748, 8.39096]",,,,,"[3.45983, 21.74748, 8.39096]",,,,,"[3.11385, 18.67273, 7.55186]",,,,,"[4.1518, 27.29698, 10.06915]",,,,,"[3.61552, 22.72612, 8.76856]",,,,,"[4.1518, 25.09698, 10.06915]",,,,,"[2.76786, 16.39798, 6.71277]",,,,,"[2.76786, 17.39798, 6.71277]",,,,,"[3.28684, 20.66011, 7.97141]",,,,,"[3.63282, 22.83485, 8.81051]",,,,,"[2.33538, 13.77955, 5.6639]",,,,,"[3.45983, 22.34748, 8.39096]",,,,,"[3.45983, 21.74748, 8.39096]",,,,,"[3.80581, 22.92223, 9.23006]",
back_left_leg_c1,cube,back_left_leg,back_left_leg_c1,1,back_left_leg,"[0.98864, 13.83942, 4.43698]","[4.94237, 10.87351, 8.40221]",0.01,,,"[0.58864, 13.33942, 4.03698]","[5.34237, 11.37351, 8.80221]",0.01,,,"[1.16693, 14.94577, 4.99114]","[5.13936, 11.74499, 8.87599]",0.01,,,"[0.93971, 12.19795, 4.21563]","[4.69425, 10.32883, 7.9811]",0.01,,,"[1.1965, 15.22236, 5.09968]","[5.21861, 11.96286, 9.02443]",0.01,,,"[0.9765, 16.10236, 4.76968]","[5.54861, 12.18286, 9.35443]",0.01,,,"[0.78864, 12.33942, 4.43698]","[5.14237, 11.37351, 8.60221]",0.01,,,"[1.08864, 13.33942, 4.53698]","[4.84237, 11.07351, 8.30221]",0.01,,,"[0.99144, 16.18382, 5.11909]","[6.10995, 13.39953, 10.25139]",0.01,,,"[1.08864, 13.78942, 4.53698]","[4.84237, 10.87351, 8.30221]",0.01,,,"[1.08864, 14.33942, 4.73698]","[4.74237, 10.37351, 8.10221]",0.01,,,"[0.89078, 11.55648, 3.99428]","[4.44613, 9.78416, 7.55999]",0.01,,,"[0.98437, 17.8053, 5.12238]","[6.13484, 13.05222, 10.28665]",0.01,,,"[1.23717, 14.84174, 5.0452]","[4.75668, 10.98372, 8.3722]",0.01,,,"[0.88437, 15.6053, 5.02238]","[6.23484, 13.05222, 10.38665]",0.01,,,"[0.89291, 10.07354, 3.95158]","[3.7499, 8.6948, 6.31777]",0.01,,,"[0.87291, 11.07354, 3.71158]","[3.7899, 8.69481, 6.55777]",0.01,,,"[1.03971, 13.14795, 4.51563]","[4.49425, 10.32883, 7.6811]",0.01,,,"[1.14257, 14.53089, 4.97333]","[4.98049, 11.41819, 8.50832]",0.01,,,"[0.58058, 8.44486, 2.81822]","[3.5096, 7.33312, 5.84499]",0.01,,,"[1.08864, 14.13942, 4.73698]","[4.74237, 11.17351, 8.10221]",0.01,,,"[1.08864, 13.83942, 4.73698]","[4.74237, 10.87351, 8.10221]",0.01,,,"[0.8865, 14.22236, 4.37968]","[5.83861, 11.96286, 9.74443]",0.01,,
back_right_calf,bone,back_right_calf,,,back_left_leg,,,,"[3.45983, 15.88522, 11.10939]",,,,,"[3.45983, 15.88522, 11.10939]",,,,,"[3.73662, 17.15604, 11.99814]",,,,,"[3.28684, 15.09096, 10.55392]",,,,,"[3.80581, 17.47374, 12.22033]",,,,,"[3.80581, 17.47374, 12.22033]",,,,,"[3.45983, 15.88522, 11.10939]",,,,,"[3.45983, 15.88522, 11.10939]",,,,,"[4.14142, 19.01461, 13.29794]",,,,,"[3.45983, 15.88522, 11.10939]",,,,,"[3.45983, 15.88522, 11.10939]",,,,,"[3.11385, 14.2967, 9.99845]",,,,,"[4.1518, 19.06226, 13.33127]",,,,,"[3.61552, 16.60005, 11.60931]",,,,,"[4.1518, 19.06226, 13.33127]",,,,,"[2.76786, 12.70818, 8.88751]",,,,,"[2.76786, 12.70818, 8.88751]",,,,,"[3.28684, 15.09096, 10.55392]",,,,,"[3.63282, 16.67948, 11.66486]",,,,,"[2.33538, 8.92252, 7.49884]",,,,,"[3.45983, 15.88522, 11.10939]",,,,,"[3.45983, 15.88522, 11.10939]",,,,,"[3.80581, 17.47374, 12.22033]",
back_right_calf_c1,cube,back_right_calf,back_right_calf_c1,1,back_right_calf,"[1.48278, 9.88522, 8.40243]","[3.95409, 6.91965, 5.43687]",0,,,"[1.08278, 9.88522, 8.00243]","[4.35409, 6.91965, 5.83687]",0,,,"[1.7014, 10.67604, 9.27462]","[4.07042, 7.47322, 5.67182]",0,,,"[1.40864, 9.39096, 7.98231]","[3.75639, 6.57367, 5.16503]",0,,,"[1.74106, 10.87374, 9.46267]","[4.1295, 7.61162, 5.76056]",0,,,"[1.52106, 10.87374, 9.13267]","[4.4595, 8.71162, 6.09056]",0,,,"[1.28278, 9.88522, 8.40243]","[4.15409, 6.91965, 5.63687]",0,,,"[1.58278, 9.88522, 8.50243]","[3.85409, 6.91965, 5.33687]",0,,,"[1.58488, 11.83261, 9.86771]","[4.92306, 8.28282, 6.69793]",0,,,"[1.58278, 9.88522, 8.50243]","[3.85409, 6.91965, 5.33687]",0,,,"[1.58278, 9.88522, 8.70243]","[3.75409, 6.91965, 5.13687]",0,,,"[1.3345, 8.8967, 7.56219]","[3.55868, 6.22768, 4.89318]",0,,,"[1.57934, 11.86226, 9.88292]","[4.9449, 8.90358, 6.72424]",0,,,"[1.75401, 10.33005, 9.48954]","[3.72302, 7.23104, 4.97253]",0,,,"[1.47934, 11.86226, 9.78292]","[5.0449, 8.30358, 6.82424]",0,,,"[1.28622, 7.90818, 7.12194]","[2.96328, 5.53572, 3.9495]",0,,,"[1.26622, 7.90818, 6.88194]","[3.00327, 5.53572, 4.1895]",0,,,"[1.50864, 9.39096, 8.28231]","[3.55639, 6.57367, 4.86503]",0,,,"[1.66192, 10.37948, 9.13755]","[3.94179, 7.26563, 5.39371]",0,,,"[0.91087, 6.67253, 5.49164]","[2.84901, 4.67076, 3.84989]",0,,,"[1.58278, 9.88522, 8.70243]","[3.75409, 7.91965, 5.13687]",0,,,"[1.58278, 9.88522, 8.70243]","[3.75409, 6.91965, 5.13687]",0,,,"[1.43106, 10.87374, 8.74267]","[4.7495, 7.61162, 6.48056]",0,,
back_right_calf_c2,cube,back_right_calf,back_right_calf_c2,2,back_right_calf,"[1.97704, 1.97704, 10.37948]","[2.96557, 7.90818, 3.45982]",0,,,"[1.57704, 1.97704, 9.97948]","[3.36557, 7.90818, 3.85982]",0,,,"[2.2352, 2.1352, 11.40984]","[3.00282, 8.54084, 3.5366]",0,,,"[1.87819, 1.87819, 9.86051]","[2.81729, 7.51277, 3.28683]",0,,,"[2.28474, 2.17474, 11.63743]","[3.04213, 8.699, 3.5858]",0,,,"[2.06474, 2.17474, 11.30743]","[3.37213, 8.699, 3.9158]",0,,,"[1.77704, 1.97704, 10.37948]","[3.16557, 7.90818, 3.65982]",0,,,"[2.07704, 0.97704, 10.47948]","[2.86557, 8.90818, 3.35982]",0,,,"[2.17652, 2.36652, 12.23423]","[3.73979, 9.46609, 4.33141]",0,,,"[2.07704, 1.97704, 10.47948]","[2.86557, 7.90818, 3.35982]",0,,,"[2.07704, 1.97704, 10.67948]","[2.76557, 7.90818, 3.15982]",0,,,"[1.77934, 1.77934, 9.34153]","[2.66901, 7.11736, 3.11384]",0,,,"[2.17245, 2.37245, 12.25538]","[3.75868, 9.48981, 4.35178]",0,,,"[2.2705, 2.066, 11.25556]","[2.69003, 8.26405, 3.20651]",0,,,"[2.07245, 2.37245, 12.15538]","[3.85868, 9.48981, 4.45178]",0,,,"[1.68163, 1.58163, 8.70358]","[2.17246, 6.32655, 2.36786]",0,,,"[1.66163, 1.58163, 8.46358]","[2.21246, 6.32654, 2.60786]",0,,,"[1.97819, 1.87819, 10.16051]","[2.61729, 7.51277, 2.98683]",0,,,"[2.18089, 2.07589, 11.21345]","[2.90385, 8.30359, 3.31781]",0,,,"[1.2445, 1.3345, 6.82615]","[2.18176, 5.33803, 2.51537]",0,,,"[2.07704, 1.97704, 10.67948]","[2.76557, 7.90818, 3.15982]",0,,,"[2.07704, 1.97704, 10.67948]","[2.76557, 7.90818, 3.15982]",0,,,"[1.97474, 2.17474, 10.91743]","[3.66213, 8.699, 4.3058]",0,,
back_left_feathering,bone,back_left_feathering,,,back_right_calf,,,,"[2.96556, 8.66952, 12.75514]",,,,,"[2.96556, 8.66952, 12.75514]",,,,,"[3.2028, 9.36308, 13.77555]",,,,,"[2.81728, 8.23604, 12.11738]",,,,,"[3.26212, 9.53647, 14.03065]",,,,,"[3.26212, 9.53647, 14.03065]",,,,,"[2.96556, 8.66952, 12.75514]",,,,,"[2.96556, 8.66952, 12.75514]",,,,,"[3.54978, 10.37742, 15.26791]","[2.5, 0, 0]",,,,"[2.96556, 8.66952, 12.75514]",,,,,"[2.96556, 8.66952, 12.75514]",,,,,"[2.669, 7.80257, 11.47963]",,,,,"[3.55867, 10.40342, 15.30617]",,,,,"[3.09901, 9.05965, 13.32912]",,,,,"[3.55867, 10.40342, 15.30617]","[2.5, 0, 0]",,,,"[2.37245, 6.93562, 10.20411]",,,,,"[2.37245, 6.93562, 10.20411]",,,,,"[2.81728, 8.23604, 12.11738]",,,,,"[3.11384, 9.103, 13.3929]",,,,,"[2.00175, 5.85193, 8.60972]",,,,,"[2.96556, 8.66952, 12.75514]",,,,,"[2.96556, 8.66952, 12.75514]",,,,,"[3.26212, 9.53647, 14.03065]",
back_left_feathering_c1,cube,back_left_feathering,back_left_feathering_c1,1,back_left_feathering,"[1.97327, 0.60929, 10.98877]","[2.96603, 8.31108, 3.46029]",-0.01,"[3.45628, 4.47179, 12.71891]","[7.5, 0, 0]","[1.57327, 0.60929, 10.98877]","[3.36603, 8.31108, 3.86029]",-0.01,"[3.45628, 4.47179, 13.11891]","[12.5, 0, 0]","[2.23193, 0.65883, 11.86867]","[3.00171, 8.97437, 3.73551]",-0.01,"[3.73278, 4.82953, 13.73642]","[7.5, 0, 0]","[1.87411, 0.57833, 10.43883]","[2.81872, 7.89652, 3.28828]",-0.01,"[3.28347, 4.2482, 12.08296]","[7.5, 0, 0]","[2.2816, 0.67122, 12.30865]","[3.04063, 9.14019, 3.58432]",-0.01,"[3.80191, 4.91897, 13.9908]","[7.5, 0, 0]","[2.0616, 0.67122, 11.97865]","[3.37063, 9.14019, 3.91432]",-0.01,"[3.80191, 4.91897, 13.9908]","[7.5, 0, 0]","[1.77327, 0.60929, 10.98877]","[3.16603, 8.31108, 3.66029]",-0.01,"[3.45628, 4.47179, 12.71891]","[7.5, 0, 0]","[2.07327, 0.60929, 11.08877]","[2.86603, 8.31108, 3.36029]",-0.01,"[3.45628, 4.47179, 12.71891]","[7.5, 0, 0]","[2.17397, 0.73129, 12.96553]","[3.7364, 9.94443, 4.32803]",-0.01,"[4.13716, 5.35274, 15.22454]","[7.5, 0, 0]","[2.07327, 0.60929, 11.08877]","[2.86603, 8.31108, 3.36029]",-0.01,"[3.45628, 4.47179, 12.71891]","[7.5, 0, 0]","[2.07327, 0.60929, 11.28877]","[2.76603, 8.31108, 3.16029]",-0.01,"[3.45628, 4.47179, 12.71891]","[7.5, 0, 0]","[1.77494, 0.54736, 9.88889]","[2.67143, 7.48197, 3.11626]",-0.01,"[3.11065, 4.02461, 11.44702]","[7.5, 0, 0]","[2.16992, 0.73315, 12.98852]","[3.75524, 9.96929, 4.34835]",-0.01,"[4.14754, 5.36615, 15.26269]","[7.5, 0, 0]","[2.26702, 0.63716, 11.69272]","[2.6896, 8.68418, 3.4061]",-0.01,"[3.61181, 4.67302, 13.29126]","[7.5, 0, 0]","[2.06992, 0.73315, 12.88852]","[3.85524, 9.96929, 4.44835]",-0.01,"[4.14754, 5.36615, 15.26269]","[7.5, 0, 0]","[1.67662, 0.48543, 9.18902]","[2.17682, 6.65287, 2.37223]",-0.01,"[2.76502, 3.57743, 10.17513]","[7.5, 0, 0]","[1.65662, 0.48543, 8.78902]","[2.21682, 6.65286, 2.77223]",-0.01,"[2.76502, 3.57743, 10.17513]","[7.5, 0, 0]","[1.97411, 0.57833, 10.43883]","[2.61873, 7.89653, 3.28828]",-0.01,"[3.28347, 4.2482, 12.08296]","[7.5, 0, 0]","[2.17743, 0.64025, 11.53871]","[2.90333, 8.72563, 3.6323]",-0.01,"[3.62909, 4.69538, 13.35486]","[7.5, 0, 0]","[1.23871, 0.40802, 7.41417]","[2.18857, 5.61648, 2.3422]",-0.01,"[2.33299, 3.01846, 8.58526]","[7.5, 0, 0]","[2.07327, 0.60929, 10.98877]","[2.76603, 8.31108, 3.26029]",-0.01,"[3.45628, 4.47179, 12.71891]","[7.5, 0, 0]","[2.07327, 0.60929, 10.98877]","[2.76603, 8.31108, 3.46029]",-0.01,"[3.45628, 4.47179, 12.71891]","[7.5, 0, 0]","[1.9716, 0.67122, 12.08865]","[3.66063, 9.14019, 3.80432]",-0.01,"[3.80191, 4.91897, 13.9908]","[7.5, 0, 0]"
back_right_hoof,bone,back_right_hoof,,,back_right_calf,,,,"[3.45983, 2.57016, 10.76341]",,,,,"[3.45983, 2.57016, 10.76341]",,,,,"[3.73662, 2.77577, 11.62448]",,,,,"[3.28684, 2.44165, 10.22524]",,,,,"[3.80581, 2.82718, 11.83975]",,,,,"[3.80581, 2.82718, 11.83975]",,,,,"[3.45983, 2.57016, 10.76341]",,,,,"[3.45983, 2.57016, 10.76341]",,,,,"[4.14142, 3.07648, 12.88381]",,,,,"[3.45983, 2.57016, 10.76341]",,,,,"[3.45983, 2.57016, 10.76341]",,,,,"[3.11385, 2.31314, 9.68707]",,,,,"[4.1518, 3.08419, 12.91609]",,,,,"[3.61552, 2.68582, 11.24776]",,,,,"[4.1518, 3.08419, 12.91609]",,,,,"[2.76786, 2.05613, 8.61073]",,,,,"[2.76786, 2.05613, 8.61073]",,,,,"[3.28684, 2.44165, 10.22524]",,,,,"[3.63282, 2.69867, 11.30158]",,,,,"[2.33538, 1.73486, 7.2653]",,,,,"[3.45983, 2.57016, 10.76341]",,,,,"[3.45983, 2.57016, 10.76341]",,,,,"[3.80581, 2.82718, 11.83975]",
back_right_hoof_c1,cube,back_right_hoof,back_right_hoof_c1,1,back_right_hoof,"[1.87831, 0.00011, 9.19337]","[3.16304, 3.16304, 3.16304]",0.01,,,"[1.47831, 0.00011, 8.79337]","[3.56304, 3.36304, 3.56304]",0.01,,,"[2.12777, -0.00068, 10.12804]","[3.21769, 3.41768, 3.21768]",0.01,,,"[1.78489, 0.0006, 8.7342]","[3.00389, 3.00389, 3.00389]",0.01,,,"[2.17514, -0.00088, 10.33171]","[3.26134, 3.26135, 3.26134]",0.01,,,"[1.95514, -0.00088, 10.00171]","[3.59134, 3.70135, 3.59134]",0.01,,,"[1.67831, 0.00011, 9.19337]","[3.36304, 3.36304, 3.36304]",0.01,,,"[1.97831, 0.00011, 9.29337]","[3.06304, 3.06304, 3.06304]",0.01,,,"[2.05637, -0.00184, 10.8125]","[3.98009, 3.7901, 3.9801]",0.01,,,"[1.97831, 0.00011, 9.29337]","[3.06304, 3.06304, 3.06304]",0.01,,,"[1.97831, 0.00011, 9.49337]","[2.96304, 2.86304, 2.86304]",0.01,,,"[1.69148, 0.0011, 8.27503]","[2.84474, 2.84474, 2.84474]",0.01,,,"[2.05197, -0.00187, 10.83004]","[3.99965, 3.79965, 3.99965]",0.01,,,"[2.16688, -0.00034, 10.01562]","[2.89728, 2.99729, 2.89728]",0.01,,,"[1.95197, -0.00187, 10.73004]","[4.09965, 4.09965, 4.09965]",0.01,,,"[1.60465, 0.00209, 7.7567]","[2.32643, 2.12643, 2.12643]",0.01,,,"[1.58465, 0.00209, 7.5167]","[2.36643, 2.36643, 2.36643]",0.01,,,"[1.88489, 0.0006, 9.0342]","[2.80389, 2.80389, 2.70389]",0.01,,,"[2.07673, -0.00038, 9.96754]","[3.11219, 3.11219, 3.00719]",0.01,,,"[1.18111, 0.00332, 6.02878]","[2.30855, 2.12855, 2.30855]",0.01,,,"[1.97831, 0.00011, 9.49337]","[2.96304, 2.96304, 2.86304]",0.01,,,"[1.97831, 0.00011, 9.49337]","[2.96304, 2.96304, 2.86304]",0.01,,,"[1.86514, -0.00088, 9.61171]","[3.88134, 3.78134, 3.98134]",0.01,,
back_right_shoe,bone,back_right_shoe,,,back_right_hoof,,,,"[0.49426, 16.80487, 20.54977]",,,,,"[0.49426, 16.80487, 20.54977]",,,,,"[0.5338, 18.14926, 22.19375]",,,,,"[0.46955, 15.96463, 19.52228]",,,,,"[0.54369, 18.48536, 22.60475]",,,,,"[0.54369, 18.48536, 22.60475]",,,,,"[0.49426, 16.80487, 20.54977]",,,,,"[0.49426, 16.80487, 20.54977]",,,,,"[0.59163, 20.11543, 24.59807]",,,,,"[0.49426, 16.80487, 20.54977]",,,,,"[0.49426, 16.80487, 20.54977]",,,,,"[0.44483, 15.12438, 18.49479]",,,,,"[0.59311, 20.16584, 24.65972]",,,,,"[0.51651, 17.56109, 21.47451]",,,,,"[0.59311, 20.16584, 24.65972]",,,,,"[0.39541, 13.4439, 16.43982]",,,,,"[0.39541, 13.4439, 16.43982]",,,,,"[0.46955, 15.96463, 19.52228]",,,,,"[0.51897, 17.64511, 21.57726]",,,,,"[0.33362, 11.34329, 13.8711]",,,,,"[0.49426, 16.80487, 20.54977]",,,,,"[0.49426, 16.80487, 20.54977]",,,,,"[0.54369, 18.48536, 22.60475]",
back_right_shoe_c1,cube,back_right_shoe,back_right_shoe_c1,1,back_right_shoe,"[1.87876, 0.00057, 9.19382]","[3.16213, 0.69082, 3.16213]",0.05,,,"[1.47876, 0.00057, 8.79382]","[3.56213, 0.69082, 3.56213]",0.05,,,"[2.02506, -0.00338, 9.92533]","[3.4231, 0.75408, 3.4231]",0.05,,,"[1.78732, 0.00304, 8.73663]","[2.99903, 0.65128, 2.99902]",0.05,,,"[2.17164, -0.00437, 10.3282]","[3.26834, 0.7699, 3.26835]",0.05,,,"[1.95164, -0.00437, 9.9982]","[3.59834, 0.7699, 3.59835]",0.05,,,"[1.67876, 0.00057, 9.19382]","[3.36213, 0.69082, 3.36213]",0.05,,,"[1.97876, 0.00057, 9.29382]","[3.06213, 0.69082, 3.06213]",0.05,,,"[2.04903, -0.00917, 10.80515]","[3.99476, 0.84661, 3.99478]",0.05,,,"[1.97876, 0.00057, 9.29382]","[3.06213, 0.69082, 3.06213]",0.05,,,"[1.87876, 0.00057, 9.19382]","[3.16213, 0.69082, 3.16213]",0.05,,,"[1.69588, 0.00551, 8.27944]","[2.83592, 0.61174, 2.83592]",0.05,,,"[2.04451, -0.00932, 10.82258]","[4.01456, 0.84899, 4.01456]",0.05,,,"[2.06556, -0.00165, 9.81429]","[3.09992, 0.7264, 3.09993]",0.05,,,"[1.94451, -0.00932, 10.72258]","[4.11456, 0.84899, 4.11456]",0.05,,,"[1.61301, 0.01046, 7.76506]","[2.3097, 0.53265, 2.1097]",0.05,,,"[1.51301, 0.01046, 7.36506]","[2.5097, 0.53266, 2.5097]",0.05,,,"[1.78732, 0.00304, 8.73663]","[2.99902, 0.65128, 2.99902]",0.05,,,"[1.9702, -0.0019, 9.65101]","[3.32524, 0.73036, 3.32524]",0.05,,,"[1.28441, 0.01664, 6.22208]","[2.10194, 0.4338, 2.10193]",0.05,,,"[1.87876, 0.00057, 9.39382]","[3.16213, 0.69082, 2.96213]",0.05,,,"[1.87876, 0.00057, 9.19382]","[3.16213, 0.69082, 3.16213]",0.05,,,"[2.06164, -0.00437, 10.1082]","[3.48834, 0.7699, 3.48834]",0.05,,
neck,bone,neck,,,body,,,,"[0, 22.00429, -12.97198]","[12.5, 0, 0]",,,,"[0, 22.00429, -12.97198]","[12.5, 0, 0]",,,,"[0, 23.76463, -14.00974]","[12.5, 0, 0]",,,,"[0, 19.95408, -12.32338]","[12.5, 0, 0]",,,,"[0, 24.20472, -14.26918]","[12.5, 0, 0]",,,,"[0, 25.30472, -14.26918]","[12.5, 0, 0]",,,,"[0, 21.00429, -12.97198]","[12.5, 0, 0]",,,,"[0, 22.00429, -12.97198]","[22.5, 0, 0]",,,,"[0, 26.33914, -15.52746]","[12.5, 0, 0]",,,,"[0, 22.00429, -12.97198]","[12.5, 0, 0]",,,,"[0, 22.00429, -12.97198]",,,,,"[0, 18.90386, -11.67478]","[12.5, 0, 0]",,,,"[0, 27.60515, -15.56638]","[12.5, 0, 0]",,,,"[0, 22.99448, -13.55572]","[12.5, 0, 0]",,,,"[0, 25.40515, -15.56638]","[17.5, 0, 0]",,,,"[0, 16.60343, -10.37758]","[12.5, 0, 0]",,,,"[0, 17.60343, -10.37758]","[12.5, 0, 0]",,,,"[0, 20.90408, -12.32338]","[12.5, 0, 0]",,,,"[0, 23.1045, -13.62058]","[7.5, 0, 0]",,,,"[0, 13.5929, -8.75608]","[12.5, 0, 0]",,,,"[0, 22.60429, -12.97198]","[5, 0, 0]",,,,"[0, 22.00429, -12.97198]",,,,,"[0, 23.20472, -14.26918]","[12.5, 0, 0]"
neck_c1,cube,neck,neck_c1,1,neck,"[-2.4713, 20.42843, -18.44235]","[4.9426, 6.91965, 8.8967]",0,"[0, 23.394, -12.51122]","[-30, 0, 0]","[-2.4713, 20.02843, -18.44235]","[4.9426, 7.31965, 8.8967]",0,"[0, 23.394, -12.51122]","[-30, 0, 0]","[-2.669, 22.0627, -19.91774]","[5.338, 7.47323, 9.60844]",0,"[0, 25.26552, -13.51212]","[-30, 0, 0]","[-2.34773, 18.45701, -17.52023]","[4.69546, 6.57367, 8.45186]",0,"[0, 21.2743, -11.88566]","[-30, 0, 0]","[-2.71843, 22.91127, -20.28659]","[5.43686, 7.06162, 9.78638]",0,"[0, 25.7334, -13.76234]","[-27.5, 0, 0]","[-2.71843, 23.57127, -20.28659]","[5.43686, 7.61162, 9.78638]",0,"[0, 26.8334, -13.76234]","[-30, 0, 0]","[-2.4713, 19.42843, -18.44235]","[4.9426, 6.91965, 8.8967]",0,"[0, 22.394, -12.51122]","[-30, 0, 0]","[-2.4713, 20.42843, -18.44235]","[4.9426, 6.91965, 8.8967]",0,"[0, 23.394, -12.51122]","[-30, 0, 0]","[-2.95815, 24.16783, -22.07549]","[5.9163, 8.56782, 10.64935]",0,"[0, 28.00262, -14.97593]","[-30, 0, 0]","[-2.4713, 20.62843, -18.44235]","[4.9426, 6.61965, 8.8967]",0,"[0, 23.394, -12.51122]","[-27.5, 0, 0]","[-2.4713, 21.22843, -18.44235]","[4.9426, 6.11965, 8.8967]",0,"[0, 23.394, -12.51122]","[-30, 0, 0]","[-2.22417, 17.48559, -16.59811]","[4.44834, 6.22768, 8.00703]",0,"[0, 20.1546, -11.2601]","[-30, 0, 0]","[-2.96556, 25.71412, -22.13082]","[5.93112, 8.30358, 10.67604]",0,"[0, 29.2728, -15.01346]","[-30, 0, 0]","[-2.58251, 21.76571, -19.07226]","[5.16502, 6.70854, 9.09706]",0,"[0, 24.44673, -13.07422]","[-22.5, 0, 0]","[-2.96556, 22.71412, -22.13082]","[5.93112, 9.10358, 10.67604]",0,"[0, 27.0728, -15.01346]","[-30, 0, 0]","[-1.97704, 15.34274, -14.75388]","[3.95408, 5.53572, 7.11736]",0,"[0, 17.7152, -10.00898]","[-30, 0, 0]","[-1.97704, 16.34274, -14.75388]","[3.95408, 5.53572, 7.11736]",0,"[0, 18.7152, -10.00898]","[-30, 0, 0]","[-2.34773, 19.40701, -17.52023]","[4.69547, 6.57367, 8.45187]",0,"[0, 22.2243, -11.88566]","[-30, 0, 0]","[-2.59486, 21.44985, -19.36447]","[5.18973, 7.26563, 9.34154]",0,"[0, 24.5637, -13.13678]","[-30, 0, 0]","[-1.66813, 12.52919, -12.44858]","[3.33626, 4.67077, 6.00527]",0,"[0, 14.53095, -8.44507]","[-30, 0, 0]","[-2.4713, 21.42843, -18.44235]","[4.9426, 6.51965, 8.8967]",0,"[0, 23.994, -12.51122]","[-30, 0, 0]","[-2.4713, 20.42843, -18.44235]","[4.9426, 6.91965, 8.8967]",0,"[0, 23.394, -12.51122]","[-30, 0, 0]","[-2.71843, 21.47127, -20.28659]","[5.43686, 7.61162, 9.78637]",0,"[0, 24.7334, -13.76234]","[-30, 0, 0]"
neck_c2,cube,neck,neck_c2,2,neck,"[-2.47142, 24.48126, -24.96671]","[4.94284, 6.32677, 8.89693]",-0.01,"[0, 26.85382, -23.97807]","[-7.5, 0, 0]","[-2.47142, 24.08126, -24.96671]","[4.94284, 6.72677, 8.89693]",-0.01,"[0, 26.85382, -23.97807]","[-7.5, 0, 0]","[-2.66833, 26.44056, -26.96325]","[5.33666, 6.83131, 9.60709]",-0.01,"[0, 29.00213, -25.89632]","[-7.5, 0, 0]","[-2.34835, 22.3067, -22.76887]","[4.6967, 6.01143, 7.50308]",-0.01,"[0, 24.56113, -22.77917]","[-7.5, 0, 0]","[-2.71756, 27.37039, -27.46238]","[5.43512, 6.62744, 9.23462]",-0.01,"[0, 29.5392, -26.37588]","[-10, 0, 0]","[-2.71756, 28.03039, -27.46238]","[5.43512, 6.95744, 9.78462]",-0.01,"[0, 30.6392, -26.37588]","[-7.5, 0, 0]","[-2.47142, 23.48126, -24.96671]","[4.94284, 6.32677, 8.89693]",-0.01,"[0, 25.85382, -23.97807]","[-7.5, 0, 0]","[-2.47142, 24.48126, -24.96671]","[4.94284, 6.32677, 8.89693]",-0.01,"[0, 26.85382, -23.97807]","[-7.5, 0, 0]","[-2.95632, 29.02104, -29.88318]","[5.91264, 7.8542, 10.64569]",-0.01,"[0, 32.14402, -28.70175]","[-7.5, 0, 0]","[-2.47142, 24.68126, -24.96671]","[4.94284, 6.22677, 8.39693]",-0.01,"[0, 26.85382, -23.97807]","[-10, 0, 0]","[-2.47142, 25.28126, -24.96671]","[4.94284, 5.52677, 8.89693]",-0.01,"[0, 26.85382, -23.97807]","[-7.5, 0, 0]","[-2.22528, 21.13213, -20.67104]","[4.45056, 5.6961, 6.20924]",-0.01,"[0, 23.26844, -21.58026]","[-7.5, 0, 0]","[-2.9637, 30.57951, -29.95805]","[5.9274, 7.58813, 10.67231]",-0.01,"[0, 33.42458, -28.77368]","[-7.5, 0, 0]","[-2.58218, 26.07262, -26.75476]","[5.16436, 6.55707, 8.97389]",-0.01,"[0, 28.41849, -25.72209]","[-15, 0, 0]","[-2.9637, 27.57951, -29.95805]","[5.9274, 8.38813, 10.67231]",-0.01,"[0, 31.22458, -28.77368]","[-7.5, 0, 0]","[-1.97914, 18.58301, -19.97537]","[3.95828, 5.06541, 7.12155]",-0.01,"[0, 20.48306, -19.18246]","[-7.5, 0, 0]","[-1.97914, 19.58301, -19.97537]","[3.95827, 5.06542, 7.12154]",-0.01,"[0, 21.48306, -19.18246]","[-7.5, 0, 0]","[-2.34835, 23.2567, -23.71887]","[4.6967, 6.01143, 8.45308]",-0.01,"[0, 25.51113, -22.77917]","[-7.5, 0, 0]","[-2.59449, 25.70582, -26.21455]","[5.18898, 6.64211, 9.34078]",-0.01,"[0, 28.19651, -25.17697]","[-7.5, 0, 0]","[-1.67146, 15.2616, -16.18078]","[3.34293, 4.27707, 5.33692]",-0.01,"[0, 16.86632, -16.18519]","[-7.5, 0, 0]","[-2.47142, 25.48126, -25.16671]","[4.94284, 5.92677, 9.09693]",-0.01,"[0, 27.45382, -23.97807]","[-7.5, 0, 0]","[-2.47142, 24.48126, -24.96671]","[4.94284, 6.32677, 8.89693]",-0.01,"[0, 26.85382, -23.97807]","[-7.5, 0, 0]","[-2.71756, 25.93039, -27.46238]","[5.43512, 6.95745, 9.78462]",-0.01,"[0, 28.5392, -26.37588]","[-7.5, 0, 0]"
neck_c3,cube,neck,neck_c3,3,neck,"[-2.47153, 20.91902, -25.66108]","[4.94306, 5.14077, 13.83976]",-0.02,"[0, 22.10548, -19.63087]","[-40, 0, 0]","[-2.47153, 20.31902, -25.66108]","[4.94306, 5.74077, 13.83976]",-0.02,"[0, 22.10548, -19.63087]","[-40, 0, 0]","[-2.66765, 22.39414, -27.71237]","[5.3353, 5.74883, 14.94374]",-0.02,"[0, 23.87392, -21.20134]","[-40, 0, 0]","[-2.34895, 18.92207, -23.42903]","[4.6979, 4.88573, 12.19978]",-0.02,"[0, 20.05021, -18.64933]","[-40, 0, 0]","[-2.71668, 23.34292, -28.22519]","[5.43336, 5.32085, 15.21974]",-0.02,"[0, 24.31603, -21.59396]","[-40, 0, 0]","[-2.71668, 24.11292, -28.22519]","[5.43336, 5.65085, 15.21974]",-0.02,"[0, 25.41603, -21.59396]","[-40, 0, 0]","[-2.47153, 19.91902, -25.66108]","[4.94306, 5.14077, 13.83976]",-0.02,"[0, 21.10548, -19.63087]","[-40, 0, 0]","[-2.47153, 20.91902, -25.66108]","[4.94306, 5.14077, 13.83976]",-0.02,"[0, 22.10548, -19.63087]","[-40, 0, 0]","[-2.95448, 24.75901, -30.71237]","[5.90896, 6.43062, 16.55831]",-0.02,"[0, 26.46026, -23.49815]","[-40, 0, 0]","[-2.47153, 21.11902, -25.66108]","[4.94306, 4.94077, 13.83976]",-0.02,"[0, 22.10548, -19.63087]","[-40, 0, 0]","[-2.47153, 21.31902, -25.66108]","[4.94306, 4.74077, 13.83976]",-0.02,"[0, 22.10548, -19.63087]","[-40, 0, 0]","[-2.22638, 17.92512, -21.29697]","[4.45276, 4.63069, 10.65978]",-0.02,"[0, 18.99493, -17.66778]","[-40, 0, 0]","[-2.96184, 26.30682, -30.7893]","[5.92368, 6.16093, 16.59972]",-0.02,"[0, 27.72658, -23.55704]","[-40, 0, 0]","[-2.58185, 22.36477, -26.81493]","[5.1637, 4.86681, 14.46075]",-0.02,"[0, 23.10023, -20.51426]","[-40, 0, 0]","[-2.96184, 23.30682, -30.7893]","[5.92368, 6.96093, 16.59972]",-0.02,"[0, 25.52658, -23.55704]","[-40, 0, 0]","[-1.98122, 15.73122, -20.53286]","[3.96244, 4.12061, 11.0798]",-0.02,"[0, 16.68438, -15.7047]","[-40, 0, 0]","[-1.98122, 16.89122, -20.53286]","[3.96245, 3.96062, 11.07981]",-0.02,"[0, 17.68438, -15.7047]","[-40, 0, 0]","[-2.34895, 19.67207, -24.37903]","[4.69791, 5.08573, 13.14977]",-0.02,"[0, 21.00021, -18.64933]","[-40, 0, 0]","[-2.59411, 22.07097, -26.94313]","[5.18821, 5.29081, 14.52975]",-0.02,"[0, 23.21075, -20.61241]","[-40, 0, 0]","[-1.67478, 12.85384, -16.65273]","[3.34957, 3.48301, 8.67984]",-0.02,"[0, 13.6612, -13.25083]","[-40, 0, 0]","[-2.47153, 22.01902, -25.86108]","[4.94306, 4.94077, 14.03976]",-0.02,"[0, 22.70548, -19.63087]","[-40, 0, 0]","[-2.47153, 21.11902, -25.66108]","[4.94306, 4.94077, 13.83976]",-0.02,"[0, 22.10548, -19.63087]","[-40, 0, 0]","[-2.71668, 21.01292, -28.22519]","[5.43337, 6.65085, 15.21974]",-0.02,"[0, 23.31603, -21.59396]","[-40, 0, 0]"
neck_armor,bone,neck_armor,,,neck,,,,"[0, 26.85382, -23.97807]",,,,,"[0, 26.85382, -23.97807]",,,,,"[0, 29.00213, -25.89632]",,,,,"[0, 24.56113, -22.77917]",,,,,"[0, 29.5392, -26.37588]",,,,,"[0, 30.6392, -26.37588]",,,,,"[0, 25.85382, -23.97807]",,,,,"[0, 26.85382, -23.97807]",,,,,"[0, 32.14402, -28.70175]",,,,,"[0, 26.85382, -23.97807]",,,,,"[0, 26.85382, -23.97807]",,,,,"[0, 23.26844, -21.58026]",,,,,"[0, 33.42458, -28.77368]",,,,,"[0, 28.06224, -25.05709]",,,,,"[0, 31.22458, -28.77368]",,,,,"[0, 20.48306, -19.18246]",,,,,"[0, 21.48306, -19.18246]",,,,,"[0, 25.51113, -22.77917]",,,,,"[0, 28.19651, -25.17697]",,,,,"[0, 16.86632, -16.18519]",,,,,"[0, 27.45382, -23.97807]",,,,,"[0, 26.85382, -23.97807]",,,,,"[0, 28.5392, -26.37588]",
neck_armor_c1,cube,neck_armor,neck_armor_c1,1,neck_armor,"[-2.96556, 21.41696, -18.44235]","[5.93112, 6.12883, 8.8967]",0,"[0, 23.394, -12.51122]","[-30, 0, 0]","[-2.96556, 21.41696, -18.44235]","[5.93112, 6.12883, 8.8967]",0,"[0, 23.394, -12.51122]","[-30, 0, 0]","[-3.2028, 23.13032, -19.91774]","[6.4056, 6.61913, 9.60844]",0,"[0, 25.26552, -13.51212]","[-30, 0, 0]","[-2.81728, 19.39611, -17.52023]","[5.63456, 5.82239, 8.45186]",0,"[0, 21.2743, -11.88566]","[-30, 0, 0]","[-3.26212, 23.55866, -20.28659]","[6.52424, 6.74171, 9.78638]",0,"[0, 25.7334, -13.76234]","[-30, 0, 0]","[-3.26212, 24.65866, -20.28659]","[6.52424, 6.74171, 9.78638]",0,"[0, 26.8334, -13.76234]","[-30, 0, 0]","[-2.96556, 20.41696, -18.44235]","[5.93112, 6.12883, 8.8967]",0,"[0, 22.394, -12.51122]","[-30, 0, 0]","[-2.96556, 21.41696, -18.44235]","[5.93112, 6.12883, 8.8967]",0,"[0, 23.394, -12.51122]","[-30, 0, 0]","[-3.54978, 25.6361, -22.07549]","[7.09956, 7.33622, 10.64935]",0,"[0, 28.00262, -14.97593]","[-30, 0, 0]","[-2.96556, 21.41696, -18.44235]","[5.93112, 6.12883, 8.8967]",0,"[0, 23.394, -12.51122]","[-30, 0, 0]","[-2.96556, 21.41696, -18.44235]","[5.93112, 6.12883, 8.8967]",0,"[0, 23.394, -12.51122]","[-30, 0, 0]","[-2.669, 18.37526, -16.59811]","[5.338, 5.51595, 8.00703]",0,"[0, 20.1546, -11.2601]","[-30, 0, 0]","[-3.55867, 26.90035, -22.13082]","[7.11734, 7.3546, 10.67604]",0,"[0, 29.2728, -15.01346]","[-30, 0, 0]","[-3.09901, 22.38073, -19.27226]","[6.19802, 6.40462, 9.29706]",0,"[0, 24.44673, -13.07422]","[-30, 0, 0]","[-3.55867, 24.70035, -22.13082]","[7.11734, 7.3546, 10.67604]",0,"[0, 27.0728, -15.01346]","[-30, 0, 0]","[-2.37245, 16.13357, -14.75388]","[4.7449, 4.90306, 7.11736]",0,"[0, 17.7152, -10.00898]","[-30, 0, 0]","[-2.37245, 17.13357, -14.75388]","[4.7449, 4.90306, 7.11736]",0,"[0, 18.7152, -10.00898]","[-30, 0, 0]","[-2.81728, 20.34611, -17.52023]","[5.63456, 5.82239, 8.45187]",0,"[0, 22.2243, -11.88566]","[-30, 0, 0]","[-3.11384, 22.48781, -19.36447]","[6.22768, 6.43527, 9.34154]",0,"[0, 24.5637, -13.13678]","[-30, 0, 0]","[-2.00175, 13.19645, -12.44858]","[4.00351, 4.13696, 6.00527]",0,"[0, 14.53095, -8.44507]","[-30, 0, 0]","[-2.96556, 22.01696, -18.44235]","[5.93112, 6.12883, 8.8967]",0,"[0, 23.994, -12.51122]","[-30, 0, 0]","[-2.96556, 21.41696, -18.44235]","[5.93112, 6.12883, 8.8967]",0,"[0, 23.394, -12.51122]","[-30, 0, 0]","[-3.26212, 22.55866, -20.28659]","[6.52423, 6.74171, 9.78637]",0,"[0, 24.7334, -13.76234]","[-30, 0, 0]"
neck_armor_c2,cube,neck_armor,neck_armor_c2,2,neck_armor,"[-2.96568, 25.37093, -24.96671]","[5.93136, 5.6348, 8.89693]",-0.01,"[0, 26.85382, -23.97807]","[-7.5, 0, 0]","[-2.96568, 25.37093, -24.96671]","[5.93136, 5.6348, 8.89693]",-0.01,"[0, 26.85382, -23.97807]","[-7.5, 0, 0]","[-3.20213, 27.4014, -26.96325]","[6.40426, 6.08399, 9.60709]",-0.01,"[0, 29.00213, -25.89632]","[-7.5, 0, 0]","[-2.8179, 23.15188, -23.71887]","[5.6358, 5.35406, 8.45308]",-0.01,"[0, 24.56113, -22.77917]","[-7.5, 0, 0]","[-3.26125, 27.90902, -27.46238]","[6.5225, 6.19628, 9.78462]",-0.01,"[0, 29.5392, -26.37588]","[-7.5, 0, 0]","[-3.26125, 29.00902, -27.46238]","[6.5225, 6.19628, 9.78462]",-0.01,"[0, 30.6392, -26.37588]","[-7.5, 0, 0]","[-2.96568, 24.37093, -24.96671]","[5.93136, 5.6348, 8.89693]",-0.01,"[0, 25.85382, -23.97807]","[-7.5, 0, 0]","[-2.96568, 25.37093, -24.96671]","[5.93136, 5.6348, 8.89693]",-0.01,"[0, 26.85382, -23.97807]","[-7.5, 0, 0]","[-3.54795, 30.37097, -29.88318]","[7.0959, 6.74092, 10.64569]",-0.01,"[0, 32.14402, -28.70175]","[-7.5, 0, 0]","[-2.96568, 25.37093, -24.96671]","[5.93136, 5.6348, 8.89693]",-0.01,"[0, 26.85382, -23.97807]","[-7.5, 0, 0]","[-2.96568, 25.37093, -24.96671]","[5.93136, 5.6348, 8.89693]",-0.01,"[0, 26.85382, -23.97807]","[-7.5, 0, 0]","[-2.67011, 21.93284, -22.47104]","[5.34022, 5.07332, 8.00924]",-0.01,"[0, 23.26844, -21.58026]","[-7.5, 0, 0]","[-3.55682, 31.64712, -29.95805]","[7.11364, 6.75776, 10.67231]",-0.01,"[0, 33.42458, -28.77368]","[-7.5, 0, 0]","[-3.09869, 26.51307, -26.08976]","[6.19738, 5.88747, 9.29639]",-0.01,"[0, 28.06224, -25.05709]","[-7.5, 0, 0]","[-3.55682, 29.44712, -29.95805]","[7.11364, 6.75776, 10.67231]",-0.01,"[0, 31.22458, -28.77368]","[-7.5, 0, 0]","[-2.37454, 19.29474, -19.97537]","[4.74908, 4.51184, 7.12155]",-0.01,"[0, 20.48306, -19.18246]","[-7.5, 0, 0]","[-2.37454, 20.29474, -19.97537]","[4.74909, 4.51184, 7.12154]",-0.01,"[0, 21.48306, -19.18246]","[-7.5, 0, 0]","[-2.8179, 24.10188, -23.71887]","[5.63579, 5.35406, 8.45308]",-0.01,"[0, 25.51113, -22.77917]","[-7.5, 0, 0]","[-3.11346, 26.63998, -26.21455]","[6.22693, 5.91554, 9.34078]",-0.01,"[0, 28.19651, -25.17697]","[-7.5, 0, 0]","[-2.00508, 15.86213, -15.95578]","[4.01017, 3.80999, 5.11192]",-0.01,"[0, 16.86632, -16.18519]","[-7.5, 0, 0]","[-2.96568, 25.97093, -24.96671]","[5.93136, 5.6348, 8.89693]",-0.01,"[0, 27.45382, -23.97807]","[-7.5, 0, 0]","[-2.96568, 25.37093, -24.96671]","[5.93136, 5.6348, 8.89693]",-0.01,"[0, 26.85382, -23.97807]","[-7.5, 0, 0]","[-3.26125, 26.90902, -27.46238]","[6.5225, 6.19628, 9.78462]",-0.01,"[0, 28.5392, -26.37588]","[-7.5, 0, 0]"
mane,bone,mane,,,neck,,,,"[0, 29.394, -15.6112]",,,,,"[0, 29.394, -15.6112]",,,,,"[0, 31.74552, -16.8601]",,,,,"[0, 26.9743, -14.83064]",,,,,"[0, 32.3334, -17.17232]",,,,,"[0, 33.4334, -17.17232]",,,,,"[0, 28.394, -15.6112]",,,,,"[0, 29.394, -15.6112]",,,,,"[0, 35.18462, -18.6866]",,,,,"[0, 29.394, -15.6112]",,,,,"[0, 29.394, -15.6112]",,,,,"[0, 25.5546, -14.05008]",,,,,"[0, 36.4728, -18.73344]",,,,,"[0, 30.71673, -16.3137]",,,,,"[0, 34.2728, -18.73344]",,,,,"[0, 22.5152, -12.48896]",,,,,"[0, 23.5152, -12.48896]",,,,,"[0, 27.9243, -14.83064]",,,,,"[0, 30.8637, -16.39176]",,,,,"[0, 18.58095, -10.53756]",,,,,"[0, 29.994, -15.6112]",,,,,"[0, 29.394, -15.6112]",,,,,"[0, 31.3334, -17.17232]",
roached,bone,roached,,,mane,,,,"[0, 26.8538, -15.6112]",,,,,"[0, 26.8538, -15.6112]",,,,,"[0, 29.0021, -16.8601]",,,,,"[0, 24.56111, -14.83064]",,,,,"[0, 29.20918, -17.50232]",,,,,"[0, 30.63918, -17.17232]",,,,,"[0, 25.8538, -15.6112]",,,,,"[0, 26.8538, -15.6112]",,,,,"[0, 32.144, -18.6866]",,,,,"[0, 26.5538, -15.9112]",,,,,"[0, 26.8538, -15.6112]",,,,,"[0, 23.26842, -14.05008]",,,,,"[0, 33.42456, -18.73344]",,,,,"[0, 27.74872, -16.6272]",,,,,"[0, 31.22456, -18.73344]",,,,,"[0, 20.48304, -12.48896]",,,,,"[0, 21.48304, -12.48896]",,,,,"[0, 25.51111, -14.83064]",,,,,"[0, 28.19649, -16.39176]",,,,,"[0, 16.86631, -10.53756]",,,,,"[0, 27.4538, -15.6112]",,,,,"[0, 26.8538, -15.6112]",,,,,"[0, 28.53918, -17.17232]",
roached_c1,cube,roached,roached_c1,1,roached,"[-0.88978, 30.8078, -24.96671]","[1.77956, 2.00801, 9.59004]",-0.01,"[0, 26.85382, -23.97807]","[-7.5, 0, 0]","[-0.88978, 30.8078, -24.96671]","[1.77956, 2.00801, 9.59004]",-0.01,"[0, 26.85382, -23.97807]","[-7.5, 0, 0]","[-0.96016, 33.27322, -26.96325]","[1.92032, 2.16705, 10.35565]",-0.01,"[0, 29.00213, -25.89632]","[-7.5, 0, 0]","[-0.84579, 28.31691, -23.71887]","[1.69158, 1.90861, 9.11153]",-0.01,"[0, 24.56113, -22.77917]","[-7.5, 0, 0]","[-0.97776, 33.55958, -27.79238]","[1.95552, 2.20681, 10.54704]",-0.01,"[0, 29.2092, -26.70588]","[-7.5, 0, 0]","[-0.97776, 34.98958, -27.46238]","[1.95552, 2.20681, 10.54704]",-0.01,"[0, 30.6392, -26.37588]","[-7.5, 0, 0]","[-0.88978, 29.8078, -24.96671]","[1.77956, 2.00801, 9.59004]",-0.01,"[0, 25.85382, -23.97807]","[-7.5, 0, 0]","[-0.88978, 30.8078, -24.96671]","[1.77956, 2.00801, 9.59004]",-0.01,"[0, 26.85382, -23.97807]","[-7.5, 0, 0]","[-1.06309, 36.87891, -29.88318]","[2.12618, 2.39964, 11.47534]",-0.01,"[0, 32.14402, -28.70175]","[-7.5, 0, 0]","[-0.88978, 30.5078, -25.26671]","[1.77956, 2.00801, 9.59004]",-0.01,"[0, 26.55382, -24.27807]","[-7.5, 0, 0]","[-0.88978, 30.8078, -24.96671]","[1.77956, 2.00801, 9.59004]",-0.01,"[0, 26.85382, -23.97807]","[-7.5, 0, 0]","[-0.8018, 26.82602, -22.47104]","[1.6036, 1.80921, 8.63304]",-0.01,"[0, 23.26844, -21.58026]","[-7.5, 0, 0]","[-1.06574, 38.17136, -29.95805]","[2.13148, 2.40561, 11.50405]",-0.01,"[0, 33.42458, -28.77368]","[-7.5, 0, 0]","[-0.92937, 31.41259, -26.33102]","[1.85874, 2.09747, 10.02069]",-0.01,"[0, 32.46132, -21.32068]","[-12.5, 0, 0]","[-1.06574, 35.97136, -29.95805]","[2.13148, 2.40561, 11.50405]",-0.01,"[0, 31.22458, -28.77368]","[-7.5, 0, 0]","[-0.71382, 23.64424, -19.97537]","[1.42764, 1.61041, 7.67603]",-0.01,"[0, 20.48306, -19.18246]","[-7.5, 0, 0]","[-0.71382, 24.64424, -19.97537]","[1.42765, 1.61041, 7.67603]",-0.01,"[0, 21.48306, -19.18246]","[-7.5, 0, 0]","[-0.84579, 29.26691, -23.71887]","[1.69158, 1.90861, 9.11154]",-0.01,"[0, 25.51113, -22.77917]","[-7.5, 0, 0]","[-0.93377, 32.34869, -26.21455]","[1.86754, 2.10741, 10.06854]",-0.01,"[0, 28.19651, -25.17697]","[-7.5, 0, 0]","[-0.60386, 19.53201, -16.85578]","[1.2077, 1.36191, 6.47978]",-0.01,"[0, 16.86632, -16.18519]","[-7.5, 0, 0]","[-0.88978, 31.4078, -24.96671]","[1.77956, 2.00801, 9.59004]",-0.01,"[0, 27.45382, -23.97807]","[-7.5, 0, 0]","[-0.88978, 30.8078, -24.96671]","[1.77956, 2.00801, 9.59004]",-0.01,"[0, 26.85382, -23.97807]","[-7.5, 0, 0]","[-0.97776, 32.88958, -27.46238]","[1.95552, 2.20681, 10.54704]",-0.01,"[0, 28.5392, -26.37588]","[-7.5, 0, 0]"
roached_c2,cube,roached,roached_c2,2,roached,"[-0.88967, 27.15038, -18.54235]","[1.77934, 2.27934, 8.60129]",0,"[0, 23.394, -12.51122]","[-30, 0, 0]","[-0.88967, 27.15038, -18.54235]","[1.77934, 2.27934, 8.60129]",0,"[0, 23.394, -12.51122]","[-30, 0, 0]","[-0.96084, 29.32241, -20.02574]","[1.92168, 2.46169, 9.2894]",0,"[0, 25.26552, -13.51212]","[-30, 0, 0]","[-0.84519, 24.84286, -17.61523]","[1.69038, 2.16537, 8.17122]",0,"[0, 21.2743, -11.88566]","[-30, 0, 0]","[-0.97864, 29.53542, -20.72659]","[1.95728, 2.50727, 9.46142]",0,"[0, 25.4034, -14.09234]","[-30, 0, 0]","[-0.97864, 30.96542, -20.39659]","[1.95728, 2.50727, 9.46142]",0,"[0, 26.8334, -13.76234]","[-30, 0, 0]","[-0.88967, 26.15038, -18.54235]","[1.77934, 2.27934, 8.60129]",0,"[0, 22.394, -12.51122]","[-30, 0, 0]","[-0.88967, 27.15038, -18.54235]","[1.77934, 2.27934, 8.60129]",0,"[0, 23.394, -12.51122]","[-30, 0, 0]","[-1.06493, 32.49901, -22.19519]","[2.12986, 2.72837, 10.29574]",0,"[0, 28.00262, -14.97593]","[-30, 0, 0]","[-0.88967, 26.85038, -18.84235]","[1.77934, 2.27934, 8.60129]",0,"[0, 23.094, -12.81122]","[-30, 0, 0]","[-0.88967, 27.15038, -18.54235]","[1.77934, 2.27934, 8.60129]",0,"[0, 23.394, -12.51122]","[-30, 0, 0]","[-0.8007, 23.53534, -16.68811]","[1.6014, 2.05141, 7.74116]",0,"[0, 20.1546, -11.2601]","[-30, 0, 0]","[-1.0676, 33.78046, -22.25082]","[2.1352, 2.7352, 10.32155]",0,"[0, 29.2728, -15.01346]","[-30, 0, 0]","[-0.92971, 28.27737, -17.1748]","[1.85942, 2.3819, 8.98835]",0,"[0, 29.46832, -12.68063]","[-25, 0, 0]","[-1.0676, 31.58046, -22.25082]","[2.1352, 2.7352, 10.32155]",0,"[0, 27.0728, -15.01346]","[-30, 0, 0]","[-0.71174, 20.7203, -14.83388]","[1.42348, 1.82348, 6.88103]",0,"[0, 17.7152, -10.00898]","[-30, 0, 0]","[-0.71174, 21.7203, -14.83388]","[1.42347, 1.82347, 6.88103]",0,"[0, 18.7152, -10.00898]","[-30, 0, 0]","[-0.84519, 25.79286, -17.61523]","[1.69037, 2.16537, 8.17123]",0,"[0, 22.2243, -11.88566]","[-30, 0, 0]","[-0.93415, 28.5079, -19.46947]","[1.86831, 2.39331, 9.03135]",0,"[0, 24.5637, -13.13678]","[-30, 0, 0]","[-0.60052, 17.0665, -12.51608]","[1.20105, 1.53856, 5.80587]",0,"[0, 14.53095, -8.44507]","[-30, 0, 0]","[-0.88967, 27.75038, -18.54235]","[1.77934, 2.27934, 8.60129]",0,"[0, 23.994, -12.51122]","[-30, 0, 0]","[-0.88967, 27.15038, -18.54235]","[1.77934, 2.27934, 8.60129]",0,"[0, 23.394, -12.51122]","[-30, 0, 0]","[-0.97864, 28.86542, -20.39659]","[1.95727, 2.50727, 9.46142]",0,"[0, 24.7334, -13.76234]","[-30, 0, 0]"
buttons,bone,buttons,,,mane,,,,"[0, 26.8538, -15.6112]",,,,,"[0, 26.8538, -15.6112]",,,,,"[0, 29.0021, -16.8601]",,,,,"[0, 24.56111, -14.83064]",,,,,"[0, 29.31918, -17.39232]",,,,,"[0, 30.63918, -17.17232]",,,,,"[0, 25.8538, -15.6112]",,,,,"[0, 26.8538, -15.6112]",,,,,"[0, 32.144, -18.6866]",,,,,"[0, 26.5538, -15.9112]",,,,,"[0, 26.8538, -15.6112]",,,,,"[0, 23.26842, -14.05008]",,,,,"[0, 33.42456, -18.73344]",,,,,"[0, 27.85322, -16.5227]",,,,,"[0, 31.22456, -18.73344]",,,,,"[0, 20.48304, -12.48896]",,,,,"[0, 21.48304, -12.48896]",,,,,"[0, 25.51111, -14.83064]",,,,,"[0, 28.19649, -16.39176]",,,,,"[0, 16.86631, -10.53756]",,,,,"[0, 27.4538, -15.6112]",,,,,"[0, 26.8538, -15.6112]",,,,,"[0, 28.53918, -17.17232]",
buttons_c1,cube,buttons,buttons_c1,1,buttons,"[-0.88978, 30.78308, -24.769]","[1.77956, 1.38416, 1.77957]",-0.01,"[0, 26.82911, -23.78036]","[-7.5, 0, 0]","[-0.88978, 30.78308, -24.769]","[1.77956, 1.38416, 1.77957]",-0.01,"[0, 26.82911, -23.78036]","[-7.5, 0, 0]","[-0.96016, 33.24653, -26.74972]","[1.92032, 1.49329, 1.92034]",-0.01,"[0, 28.97544, -25.68279]","[-7.5, 0, 0]","[-0.84579, 28.29343, -23.53105]","[1.69158, 1.31595, 1.69159]",-0.01,"[0, 24.53765, -22.59134]","[-7.5, 0, 0]","[-0.97776, 33.64239, -27.4649]","[1.95552, 1.52057, 1.95553]",-0.01,"[0, 29.29202, -26.3784]","[-7.5, 0, 0]","[-0.97776, 34.96239, -27.2449]","[1.95552, 1.52057, 1.95553]",-0.01,"[0, 30.61202, -26.1584]","[-7.5, 0, 0]","[-0.88978, 29.78308, -24.769]","[1.77956, 1.38416, 1.77957]",-0.01,"[0, 25.82911, -23.78036]","[-7.5, 0, 0]","[-0.88978, 30.78308, -24.769]","[1.77956, 1.38416, 1.77957]",-0.01,"[0, 26.82911, -23.78036]","[-7.5, 0, 0]","[-1.06309, 36.84932, -29.64652]","[2.12618, 1.65289, 2.1262]",-0.01,"[0, 32.11445, -28.46509]","[-7.5, 0, 0]","[-0.88978, 30.48308, -25.069]","[1.77956, 1.38416, 1.77957]",-0.01,"[0, 26.52911, -24.08036]","[-7.5, 0, 0]","[-0.88978, 30.78308, -24.769]","[1.77956, 1.38416, 1.77957]",-0.01,"[0, 26.82911, -23.78036]","[-7.5, 0, 0]","[-0.8018, 26.80377, -22.2931]","[1.6036, 1.24775, 1.60361]",-0.01,"[0, 23.2462, -21.40232]","[-7.5, 0, 0]","[-1.06574, 38.1417, -29.7208]","[2.13148, 1.65699, 2.13148]",-0.01,"[0, 33.39493, -28.53643]","[-7.5, 0, 0]","[-0.92937, 31.48876, -25.48108]","[1.85874, 1.44554, 1.85876]",-0.01,"[0, 32.25354, -21.16079]","[-15, 0, 0]","[-1.06574, 35.9417, -29.7208]","[2.13148, 1.65699, 2.13148]",-0.01,"[0, 31.19493, -28.53643]","[-7.5, 0, 0]","[-0.71382, 23.62446, -19.8172]","[1.42764, 1.11133, 1.42766]",-0.01,"[0, 20.46329, -19.02429]","[-7.5, 0, 0]","[-0.71382, 24.62446, -19.8172]","[1.42765, 1.11133, 1.42766]",-0.01,"[0, 21.46329, -19.02429]","[-7.5, 0, 0]","[-0.84579, 29.24343, -23.53105]","[1.69158, 1.31595, 1.69159]",-0.01,"[0, 25.48765, -22.59134]","[-7.5, 0, 0]","[-0.93377, 32.32273, -26.00695]","[1.86754, 1.45237, 1.86755]",-0.01,"[0, 28.17057, -24.96938]","[-7.5, 0, 0]","[-0.60386, 19.51533, -16.72232]","[1.2077, 0.94081, 1.20771]",-0.01,"[0, 16.84965, -16.05174]","[-7.5, 0, 0]","[-0.88978, 31.38308, -24.769]","[1.77956, 1.38416, 1.77957]",-0.01,"[0, 27.42911, -23.78036]","[-7.5, 0, 0]","[-0.88978, 30.78308, -24.769]","[1.77956, 1.38416, 1.77957]",-0.01,"[0, 26.82911, -23.78036]","[-7.5, 0, 0]","[-0.97776, 32.86239, -27.2449]","[1.95552, 1.52058, 1.95553]",-0.01,"[0, 28.51202, -26.1584]","[-7.5, 0, 0]"
buttons_c2,cube,buttons,buttons_c2,2,buttons,"[-0.88978, 27.39776, -9.09433]","[1.77956, 1.68072, 1.77957]",-0.01,"[0, 28.19792, -11.44943]","[-150, 0, -180]","[-0.88978, 27.39776, -9.09433]","[1.77956, 1.68072, 1.77957]",-0.01,"[0, 28.19792, -11.44943]","[-150, 0, -180]","[-0.96016, 29.59038, -9.82108]","[1.92032, 1.81358, 1.92034]",-0.01,"[0, 30.45375, -12.36538]","[-150, 0, -180]","[-0.84579, 25.07737, -8.64011]","[1.69158, 1.59769, 1.69159]",-0.01,"[0, 25.83802, -10.87696]","[-150, 0, -180]","[-0.97776, 29.91854, -10.22276]","[1.95552, 1.84679, 1.95552]",-0.01,"[0, 30.79771, -12.81437]","[-150, 0, -180]","[-0.97776, 31.23854, -10.00276]","[1.95552, 1.84679, 1.95552]",-0.01,"[0, 32.11771, -12.59437]","[-150, 0, -180]","[-0.88978, 26.39776, -9.09433]","[1.77956, 1.68072, 1.77957]",-0.01,"[0, 27.19792, -11.44943]","[-150, 0, -180]","[-0.88978, 27.39776, -9.09433]","[1.77956, 1.68072, 1.77957]",-0.01,"[0, 28.19792, -11.44943]","[-150, 0, -180]","[-1.06309, 32.79709, -10.88395]","[2.12618, 2.00788, 2.12621]",-0.01,"[0, 33.75291, -13.70497]","[-150, 0, -180]","[-0.88978, 27.09776, -9.39433]","[1.77956, 1.68072, 1.77957]",-0.01,"[0, 27.89792, -11.74943]","[-150, 0, -180]","[-0.88978, 27.39776, -9.09433]","[1.77956, 1.68072, 1.77957]",-0.01,"[0, 28.19792, -11.44943]","[-150, 0, -180]","[-0.8018, 23.75698, -8.1859]","[1.6036, 1.51465, 1.60362]",-0.01,"[0, 24.47813, -10.30449]","[-150, 0, -180]","[-1.06574, 34.07931, -10.9112]","[2.13148, 2.01287, 2.13149]",-0.01,"[0, 35.0375, -13.73932]","[-150, 0, -180]","[-0.92937, 28.42211, -9.71212]","[1.85874, 1.75545, 1.85875]",-0.01,"[0, 29.25783, -12.17365]","[-157.5, 0, -180]","[-1.06574, 31.87931, -10.9112]","[2.13148, 2.01287, 2.13149]",-0.01,"[0, 32.8375, -13.73932]","[-150, 0, -180]","[-0.71382, 20.91621, -7.27746]","[1.42764, 1.34857, 1.42765]",-0.01,"[0, 21.55834, -9.15954]","[-150, 0, -180]","[-0.71382, 21.91621, -7.27746]","[1.42765, 1.34858, 1.42766]",-0.01,"[0, 22.55834, -9.15954]","[-150, 0, -180]","[-0.84579, 26.02737, -8.64011]","[1.69158, 1.59768, 1.69159]",-0.01,"[0, 26.78802, -10.87696]","[-150, 0, -180]","[-0.93377, 28.76815, -9.54855]","[1.86754, 1.76376, 1.86755]",-0.01,"[0, 29.60782, -12.0219]","[-150, 0, -180]","[-0.60386, 17.23024, -6.14192]","[1.2077, 1.14099, 1.20771]",-0.01,"[0, 17.7736, -7.72836]","[-150, 0, -180]","[-0.88978, 27.99776, -9.09433]","[1.77956, 1.68072, 1.77957]",-0.01,"[0, 28.79792, -11.44943]","[-150, 0, -180]","[-0.88978, 27.39776, -9.09433]","[1.77956, 1.68072, 1.77957]",-0.01,"[0, 28.19792, -11.44943]","[-150, 0, -180]","[-0.97776, 29.13854, -10.00276]","[1.95552, 1.84679, 1.95553]",-0.01,"[0, 30.01771, -12.59437]","[-150, 0, -180]"
buttons_c3,cube,buttons,buttons_c3,3,buttons,"[-0.88978, 27.4749, -12.29505]","[1.77956, 1.48302, 1.77957]",-0.01,"[0, 28.19792, -11.44943]","[-150, 0, -180]","[-0.88978, 27.4749, -12.29505]","[1.77956, 1.48302, 1.77957]",-0.01,"[0, 28.19792, -11.44943]","[-150, 0, -180]","[-0.96016, 29.67369, -13.27785]","[1.92032, 1.60006, 1.92033]",-0.01,"[0, 30.45375, -12.36538]","[-150, 0, -180]","[-0.84579, 25.15066, -11.6808]","[1.69158, 1.40986, 1.69159]",-0.01,"[0, 25.83802, -10.87696]","[-150, 0, -180]","[-0.97776, 30.00339, -13.74355]","[1.95552, 1.62932, 1.95552]",-0.01,"[0, 30.79771, -12.81437]","[-150, 0, -180]","[-0.97776, 31.32339, -13.52356]","[1.95552, 1.62932, 1.95553]",-0.01,"[0, 32.11771, -12.59437]","[-150, 0, -180]","[-0.88978, 26.4749, -12.29505]","[1.77956, 1.48302, 1.77957]",-0.01,"[0, 27.19792, -11.44943]","[-150, 0, -180]","[-0.88978, 27.4749, -12.29505]","[1.77956, 1.48302, 1.77957]",-0.01,"[0, 28.19792, -11.44943]","[-150, 0, -180]","[-1.06309, 32.88942, -14.7152]","[2.12618, 1.77124, 2.12621]",-0.01,"[0, 33.75291, -13.70497]","[-150, 0, -180]","[-0.88978, 27.1749, -12.59505]","[1.77956, 1.48302, 1.77957]",-0.01,"[0, 27.89792, -11.74943]","[-150, 0, -180]","[-0.88978, 27.4749, -12.29505]","[1.77956, 1.48302, 1.77957]",-0.01,"[0, 28.19792, -11.44943]","[-150, 0, -180]","[-0.8018, 23.82641, -11.06654]","[1.6036, 1.33672, 1.60361]",-0.01,"[0, 24.47813, -10.30449]","[-150, 0, -180]","[-1.06574, 34.17188, -14.75206]","[2.13148, 1.77562, 2.13148]",-0.01,"[0, 35.0375, -13.73932]","[-150, 0, -180]","[-0.92937, 28.50272, -13.05687]","[1.85874, 1.54885, 1.85875]",-0.01,"[0, 29.25783, -12.17365]","[-157.5, 0, -180]","[-1.06574, 31.97188, -14.75206]","[2.13148, 1.77562, 2.13148]",-0.01,"[0, 32.8375, -13.73932]","[-150, 0, -180]","[-0.71382, 20.97792, -9.83804]","[1.42764, 1.19042, 1.42766]",-0.01,"[0, 21.55834, -9.15954]","[-150, 0, -180]","[-0.71382, 21.97792, -9.83804]","[1.42765, 1.19042, 1.42766]",-0.01,"[0, 22.55834, -9.15954]","[-150, 0, -180]","[-0.84579, 26.10066, -11.6808]","[1.69158, 1.40987, 1.69159]",-0.01,"[0, 26.78802, -10.87696]","[-150, 0, -180]","[-0.93377, 28.84915, -12.9093]","[1.86754, 1.55617, 1.86755]",-0.01,"[0, 29.60782, -12.0219]","[-150, 0, -180]","[-0.60386, 17.2823, -8.30241]","[1.2077, 1.00754, 1.20771]",-0.01,"[0, 17.7736, -7.72836]","[-150, 0, -180]","[-0.88978, 28.0749, -12.29505]","[1.77956, 1.48302, 1.77957]",-0.01,"[0, 28.79792, -11.44943]","[-150, 0, -180]","[-0.88978, 27.4749, -12.29505]","[1.77956, 1.48302, 1.77957]",-0.01,"[0, 28.19792, -11.44943]","[-150, 0, -180]","[-0.97776, 29.22339, -13.52356]","[1.95552, 1.62932, 1.95553]",-0.01,"[0, 30.01771, -12.59437]","[-150, 0, -180]"
buttons_c4,cube,buttons,buttons_c4,4,buttons,"[-0.88978, 27.46564, -15.5841]","[1.77956, 1.38416, 1.77957]",-0.01,"[0, 28.19792, -11.44943]","[-150, 0, -180]","[-0.88978, 27.46564, -15.5841]","[1.77956, 1.38416, 1.77957]",-0.01,"[0, 28.19792, -11.44943]","[-150, 0, -180]","[-0.96016, 29.66369, -16.83003]","[1.92032, 1.49329, 1.92034]",-0.01,"[0, 30.45375, -12.36538]","[-150, 0, -180]","[-0.84579, 25.14186, -14.80539]","[1.69158, 1.31595, 1.69159]",-0.01,"[0, 25.83802, -10.87696]","[-150, 0, -180]","[-0.97776, 29.9932, -17.36151]","[1.95552, 1.52058, 1.95553]",-0.01,"[0, 30.79771, -12.81437]","[-150, 0, -180]","[-0.97776, 31.3132, -17.14151]","[1.95552, 1.52058, 1.95553]",-0.01,"[0, 32.11771, -12.59437]","[-150, 0, -180]","[-0.88978, 26.46564, -15.5841]","[1.77956, 1.38416, 1.77957]",-0.01,"[0, 27.19792, -11.44943]","[-150, 0, -180]","[-0.88978, 27.46564, -15.5841]","[1.77956, 1.38416, 1.77957]",-0.01,"[0, 28.19792, -11.44943]","[-150, 0, -180]","[-1.06309, 32.87834, -18.6522]","[2.12618, 1.6529, 2.12621]",-0.01,"[0, 33.75291, -13.70497]","[-150, 0, -180]","[-0.88978, 27.16564, -15.8841]","[1.77956, 1.38416, 1.77957]",-0.01,"[0, 27.89792, -11.74943]","[-150, 0, -180]","[-0.88978, 27.46564, -15.5841]","[1.77956, 1.38416, 1.77957]",-0.01,"[0, 28.19792, -11.44943]","[-150, 0, -180]","[-0.8018, 23.81808, -14.02669]","[1.6036, 1.24774, 1.60361]",-0.01,"[0, 24.47813, -10.30449]","[-150, 0, -180]","[-1.06574, 34.16077, -18.69892]","[2.13148, 1.65699, 2.13148]",-0.01,"[0, 35.0375, -13.73932]","[-150, 0, -180]","[-0.92937, 28.49304, -16.49393]","[1.85874, 1.44555, 1.85875]",-0.01,"[0, 29.25783, -12.17365]","[-157.5, 0, -180]","[-1.06574, 31.96077, -18.69892]","[2.13148, 1.65699, 2.13148]",-0.01,"[0, 32.8375, -13.73932]","[-150, 0, -180]","[-0.71382, 20.97051, -12.46928]","[1.42764, 1.11133, 1.42766]",-0.01,"[0, 21.55834, -9.15954]","[-150, 0, -180]","[-0.71382, 21.97051, -12.46928]","[1.42765, 1.11133, 1.42766]",-0.01,"[0, 22.55834, -9.15954]","[-150, 0, -180]","[-0.84579, 26.09186, -14.80539]","[1.69158, 1.31595, 1.69159]",-0.01,"[0, 26.78802, -10.87696]","[-150, 0, -180]","[-0.93377, 28.83942, -16.36281]","[1.86754, 1.45237, 1.86755]",-0.01,"[0, 29.60782, -12.0219]","[-150, 0, -180]","[-0.60386, 17.27606, -10.52251]","[1.2077, 0.94081, 1.2077]",-0.01,"[0, 17.7736, -7.72836]","[-150, 0, -180]","[-0.88978, 28.06564, -15.5841]","[1.77956, 1.38416, 1.77957]",-0.01,"[0, 28.79792, -11.44943]","[-150, 0, -180]","[-0.88978, 27.46564, -15.5841]","[1.77956, 1.38416, 1.77957]",-0.01,"[0, 28.19792, -11.44943]","[-150, 0, -180]","[-0.97776, 29.2132, -17.14151]","[1.95552, 1.52058, 1.95553]",-0.01,"[0, 30.01771, -12.59437]","[-150, 0, -180]"
buttons_c5,cube,buttons,buttons_c5,5,buttons,"[-0.88978, 30.36296, -21.50688]","[1.77956, 1.48301, 1.77957]",-0.01,"[0, 26.40899, -20.51824]","[-7.5, 0, 0]","[-0.88978, 30.36296, -21.50688]","[1.77956, 1.48301, 1.77957]",-0.01,"[0, 26.40899, -20.51824]","[-7.5, 0, 0]","[-0.96016, 32.7928, -23.22663]","[1.92032, 1.60005, 1.92034]",-0.01,"[0, 28.52171, -22.1597]","[-7.5, 0, 0]","[-0.84579, 27.89431, -20.43204]","[1.69158, 1.40986, 1.6916]",-0.01,"[0, 24.13854, -19.49233]","[-7.5, 0, 0]","[-0.97776, 33.18026, -23.87657]","[1.95552, 1.62931, 1.95553]",-0.01,"[0, 28.82989, -22.79006]","[-7.5, 0, 0]","[-0.97776, 34.50026, -23.65657]","[1.95552, 1.62931, 1.95553]",-0.01,"[0, 30.14989, -22.57006]","[-7.5, 0, 0]","[-0.88978, 29.36296, -21.50688]","[1.77956, 1.48301, 1.77957]",-0.01,"[0, 25.40899, -20.51824]","[-7.5, 0, 0]","[-0.88978, 30.36296, -21.50688]","[1.77956, 1.48301, 1.77957]",-0.01,"[0, 26.40899, -20.51824]","[-7.5, 0, 0]","[-1.06309, 36.34643, -25.74177]","[2.12618, 1.77122, 2.12621]",-0.01,"[0, 31.61156, -24.56033]","[-7.5, 0, 0]","[-0.88978, 30.06296, -21.80688]","[1.77956, 1.48301, 1.77957]",-0.01,"[0, 26.10899, -20.81824]","[-7.5, 0, 0]","[-0.88978, 30.36296, -21.50688]","[1.77956, 1.48301, 1.77957]",-0.01,"[0, 26.40899, -20.51824]","[-7.5, 0, 0]","[-0.8018, 26.42566, -19.35719]","[1.6036, 1.33671, 1.60361]",-0.01,"[0, 22.86809, -18.46642]","[-7.5, 0, 0]","[-1.06574, 37.63755, -25.80626]","[2.13148, 1.77561, 2.13149]",-0.01,"[0, 32.89079, -24.62189]","[-7.5, 0, 0]","[-0.92937, 31.49844, -22.04402]","[1.85874, 1.54885, 1.85875]",-0.01,"[0, 32.25354, -21.16079]","[-15, 0, 0]","[-1.06574, 35.43755, -25.80626]","[2.13148, 1.77561, 2.13149]",-0.01,"[0, 30.69079, -24.62189]","[-7.5, 0, 0]","[-0.71382, 23.28837, -17.2075]","[1.42764, 1.19041, 1.42765]",-0.01,"[0, 20.12719, -16.41459]","[-7.5, 0, 0]","[-0.71382, 24.28837, -17.2075]","[1.42765, 1.19041, 1.42766]",-0.01,"[0, 21.12719, -16.41459]","[-7.5, 0, 0]","[-0.84579, 28.84431, -20.43204]","[1.69158, 1.40986, 1.69159]",-0.01,"[0, 25.08854, -19.49233]","[-7.5, 0, 0]","[-0.93377, 31.88161, -22.58172]","[1.86754, 1.55616, 1.86755]",-0.01,"[0, 27.72944, -21.54415]","[-7.5, 0, 0]","[-0.60386, 19.23175, -14.52039]","[1.2077, 1.00753, 1.20771]",-0.01,"[0, 16.56607, -13.84981]","[-7.5, 0, 0]","[-0.88978, 30.96296, -21.50688]","[1.77956, 1.48301, 1.77957]",-0.01,"[0, 27.00899, -20.51824]","[-7.5, 0, 0]","[-0.88978, 30.36296, -21.50688]","[1.77956, 1.48301, 1.77957]",-0.01,"[0, 26.40899, -20.51824]","[-7.5, 0, 0]","[-0.97776, 32.40026, -23.65657]","[1.95552, 1.62931, 1.95553]",-0.01,"[0, 28.04989, -22.57006]","[-7.5, 0, 0]"
buttons_c6,cube,buttons,buttons_c6,6,buttons,"[-0.88978, 29.8687, -18.34361]","[1.77956, 1.68072, 1.77957]",-0.01,"[0, 25.91473, -17.35497]","[-7.5, 0, 0]","[-0.88978, 29.8687, -18.34361]","[1.77956, 1.68072, 1.77957]",-0.01,"[0, 25.91473, -17.35497]","[-7.5, 0, 0]","[-0.96016, 32.259, -19.8103]","[1.92032, 1.81357, 1.92034]",-0.01,"[0, 27.98791, -18.74337]","[-7.5, 0, 0]","[-0.84579, 27.42477, -17.42693]","[1.69158, 1.59768, 1.69159]",-0.01,"[0, 23.66899, -16.48722]","[-7.5, 0, 0]","[-0.97776, 32.63657, -20.39697]","[1.95552, 1.84679, 1.95553]",-0.01,"[0, 28.2862, -19.31047]","[-7.5, 0, 0]","[-0.97776, 33.95657, -20.17697]","[1.95552, 1.84679, 1.95553]",-0.01,"[0, 29.6062, -19.09047]","[-7.5, 0, 0]","[-0.88978, 28.8687, -18.34361]","[1.77956, 1.68072, 1.77957]",-0.01,"[0, 24.91473, -17.35497]","[-7.5, 0, 0]","[-0.88978, 29.8687, -18.34361]","[1.77956, 1.68072, 1.77957]",-0.01,"[0, 25.91473, -17.35497]","[-7.5, 0, 0]","[-1.06309, 35.7548, -21.95533]","[2.12618, 2.00789, 2.1262]",-0.01,"[0, 31.01993, -20.7739]","[-7.5, 0, 0]","[-0.88978, 29.5687, -18.64361]","[1.77956, 1.68072, 1.77957]",-0.01,"[0, 25.61473, -17.65497]","[-7.5, 0, 0]","[-0.88978, 29.8687, -18.34361]","[1.77956, 1.68072, 1.77957]",-0.01,"[0, 25.91473, -17.35497]","[-7.5, 0, 0]","[-0.8018, 25.98083, -16.51025]","[1.6036, 1.51465, 1.60361]",-0.01,"[0, 22.42326, -15.61947]","[-7.5, 0, 0]","[-1.06574, 37.04444, -22.01033]","[2.13148, 2.01286, 2.13148]",-0.01,"[0, 32.29768, -20.82596]","[-7.5, 0, 0]","[-0.92937, 31.41782, -18.69927]","[1.85874, 1.75545, 1.85876]",-0.01,"[0, 32.25354, -21.16079]","[-15, 0, 0]","[-1.06574, 34.84444, -22.01033]","[2.13148, 2.01286, 2.13148]",-0.01,"[0, 30.09768, -20.82596]","[-7.5, 0, 0]","[-0.71382, 22.89296, -14.67689]","[1.42764, 1.34858, 1.42766]",-0.01,"[0, 19.73178, -13.88398]","[-7.5, 0, 0]","[-0.71382, 23.89296, -14.67689]","[1.42765, 1.34858, 1.42766]",-0.01,"[0, 20.73178, -13.88398]","[-7.5, 0, 0]","[-0.84579, 28.37477, -17.42693]","[1.69158, 1.59768, 1.69159]",-0.01,"[0, 24.61899, -16.48722]","[-7.5, 0, 0]","[-0.93377, 31.36264, -19.26029]","[1.86754, 1.76376, 1.86755]",-0.01,"[0, 27.21047, -18.22272]","[-7.5, 0, 0]","[-0.60386, 18.89812, -12.38519]","[1.2077, 1.14099, 1.20771]",-0.01,"[0, 16.23244, -11.71461]","[-7.5, 0, 0]","[-0.88978, 30.4687, -18.34361]","[1.77956, 1.68072, 1.77957]",-0.01,"[0, 26.51473, -17.35497]","[-7.5, 0, 0]","[-0.88978, 29.8687, -18.34361]","[1.77956, 1.68072, 1.77957]",-0.01,"[0, 25.91473, -17.35497]","[-7.5, 0, 0]","[-0.97776, 31.85657, -20.17697]","[1.95552, 1.84679, 1.95553]",-0.01,"[0, 27.5062, -19.09047]","[-7.5, 0, 0]"
long,bone,long,,,mane,,,,"[0, 29.394, -15.6112]",,,,,"[0, 29.394, -15.6112]",,,,,"[0, 31.74552, -16.8601]",,,,,"[0, 26.9743, -14.83064]",,,,,"[0, 32.3334, -17.17232]",,,,,"[0, 33.4334, -17.17232]",,,,,"[0, 28.394, -15.6112]",,,,,"[0, 29.394, -15.6112]",,,,,"[0, 35.18462, -18.6866]",,,,,"[0, 29.394, -15.6112]",,,,,"[0, 29.394, -15.6112]",,,,,"[0, 25.5546, -14.05008]",,,,,"[0, 36.4728, -18.73344]",,,,,"[0, 30.71673, -16.3137]",,,,,"[0, 34.2728, -18.73344]",,,,,"[0, 22.5152, -12.48896]",,,,,"[0, 23.5152, -12.48896]",,,,,"[0, 27.9243, -14.83064]",,,,,"[0, 30.8637, -16.39176]",,,,,"[0, 18.58095, -10.53756]",,,,,"[0, 29.994, -15.6112]",,,,,"[0, 29.394, -15.6112]",,,,,"[0, 31.3334, -17.17232]",
long_c1,cube,long,long_c1,1,long,"[-0.88978, 26.85371, -24.96671]","[4.05661, 4.74513, 9.19349]",-0.01,"[0, 26.85382, -23.97807]","[-7.5, 0, 0]","[-0.88978, 26.85371, -24.96671]","[4.05661, 4.74513, 9.19349]",-0.01,"[0, 26.85382, -23.97807]","[-7.5, 0, 0]","[-0.96016, 29.00281, -26.96325]","[4.37954, 5.12314, 9.92737]",-0.01,"[0, 29.00213, -25.89632]","[-7.5, 0, 0]","[-0.84579, 24.56052, -23.71887]","[3.85478, 4.50888, 8.73481]",-0.01,"[0, 24.56113, -22.77917]","[-7.5, 0, 0]","[-0.97776, 29.54008, -27.46238]","[4.46027, 5.21764, 10.11084]",-0.01,"[0, 29.5392, -26.37588]","[-7.5, 0, 0]","[-0.97776, 30.64008, -27.46238]","[4.46027, 5.21764, 10.11084]",-0.01,"[0, 30.6392, -26.37588]","[-7.5, 0, 0]","[-0.88978, 25.85371, -24.96671]","[4.05661, 4.74513, 9.19349]",-0.01,"[0, 25.85382, -23.97807]","[-7.5, 0, 0]","[-0.88978, 26.85371, -24.96671]","[4.05661, 4.74513, 9.19349]",-0.01,"[0, 26.85382, -23.97807]","[-7.5, 0, 0]","[-1.06309, 32.14586, -29.88318]","[4.85182, 5.67598, 11.00066]",-0.01,"[0, 32.14402, -28.70175]","[-7.5, 0, 0]","[-0.88978, 26.85371, -24.96671]","[4.05661, 4.74513, 9.19349]",-0.01,"[0, 26.85382, -23.97807]","[-7.5, 0, 0]","[-0.88978, 26.85371, -24.96671]","[4.05661, 4.74513, 9.19349]",-0.01,"[0, 26.85382, -23.97807]","[-7.5, 0, 0]","[-0.8018, 23.26734, -22.47104]","[3.65295, 4.27262, 8.27614]",-0.01,"[0, 23.26844, -21.58026]","[-7.5, 0, 0]","[-1.06574, 33.42645, -29.95805]","[4.86394, 5.69016, 11.02819]",-0.01,"[0, 33.42458, -28.77368]","[-7.5, 0, 0]","[-0.92937, 27.73922, -26.27342]","[4.23825, 4.95776, 9.6063]",-0.01,"[1.18976, 30.2181, -21.47027]","[-12.5, 0, 0]","[-1.06574, 31.22645, -29.95805]","[4.86394, 5.69016, 11.02819]",-0.01,"[0, 31.22458, -28.77368]","[-7.5, 0, 0]","[-0.71382, 20.48097, -19.97537]","[3.24928, 3.8001, 7.35879]",-0.01,"[0, 20.48306, -19.18246]","[-7.5, 0, 0]","[-0.71382, 21.48097, -19.97537]","[3.24929, 3.8001, 7.35879]",-0.01,"[0, 21.48306, -19.18246]","[-7.5, 0, 0]","[-0.84579, 22.61052, -23.71887]","[3.85478, 7.40887, 8.73482]",-0.01,"[0, 25.51113, -22.77917]","[-7.5, 0, 0]","[-0.93377, 28.1969, -26.21455]","[4.25844, 4.98139, 9.65216]",-0.01,"[0, 28.19651, -25.17697]","[-7.5, 0, 0]","[-0.60386, 16.863, -16.85578]","[2.74471, 3.20946, 6.21211]",-0.01,"[0, 16.86632, -16.18519]","[-7.5, 0, 0]","[-0.88978, 27.45371, -24.96671]","[4.05661, 4.74513, 9.19349]",-0.01,"[0, 27.45382, -23.97807]","[-7.5, 0, 0]","[-0.88978, 26.85371, -24.96671]","[4.05661, 4.74513, 9.19349]",-0.01,"[0, 26.85382, -23.97807]","[-7.5, 0, 0]","[-0.97776, 28.54008, -27.46238]","[4.46027, 5.21764, 10.11084]",-0.01,"[0, 28.5392, -26.37588]","[-7.5, 0, 0]"
long_c2,cube,long,long_c2,2,long,"[-0.88967, 30.16207, -28.21791]","[1.77934, 0.49426, 3.95409]",0,"[0, 30.4092, -26.24087]","[17.5, 0, 0]","[-0.88967, 30.16207, -28.21791]","[1.77934, 0.49426, 3.95409]",0,"[0, 30.4092, -26.24087]","[17.5, 0, 0]","[-0.96084, 32.57504, -30.47534]","[1.92168, 0.5338, 4.27041]",0,"[0, 32.84194, -28.34014]","[17.5, 0, 0]","[-0.84519, 27.70397, -26.80701]","[1.69038, 0.46954, 3.75638]",0,"[0, 27.93874, -24.92883]","[17.5, 0, 0]","[-0.97864, 33.17828, -31.0397]","[1.95728, 0.54368, 4.3495]",0,"[0, 33.45012, -28.86496]","[17.5, 0, 0]","[-0.97864, 34.27828, -31.0397]","[1.95728, 0.54368, 4.3495]",0,"[0, 34.55012, -28.86496]","[17.5, 0, 0]","[-0.88967, 29.16207, -28.21791]","[1.77934, 0.49426, 3.95409]",0,"[0, 29.4092, -26.24087]","[17.5, 0, 0]","[-0.88967, 30.16207, -28.21791]","[1.77934, 0.49426, 3.95409]",0,"[0, 30.4092, -26.24087]","[17.5, 0, 0]","[-1.06493, 36.104, -33.77684]","[2.12986, 0.59163, 4.73305]",0,"[0, 36.39981, -31.41032]","[17.5, 0, 0]","[-0.88967, 30.16207, -28.21791]","[1.77934, 0.49426, 3.95409]",0,"[0, 30.4092, -26.24087]","[17.5, 0, 0]","[-0.88967, 30.16207, -28.21791]","[1.77934, 0.49426, 3.95409]",0,"[0, 30.4092, -26.24087]","[17.5, 0, 0]","[-0.8007, 26.24586, -25.39612]","[1.6014, 0.44484, 3.55868]",0,"[0, 26.46828, -23.61678]","[17.5, 0, 0]","[-1.0676, 37.39448, -33.86149]","[2.1352, 0.59312, 4.74491]",0,"[0, 37.69104, -31.48904]","[17.5, 0, 0]","[-0.92971, 31.51937, -29.48771]","[1.85942, 0.51649, 4.13202]",0,"[0, 31.77761, -27.42171]","[17.5, 0, 0]","[-1.0676, 35.19448, -33.86149]","[2.1352, 0.59312, 4.74491]",0,"[0, 35.49104, -31.48904]","[17.5, 0, 0]","[-0.71174, 23.12966, -22.57433]","[1.42348, 0.3954, 3.16327]",0,"[0, 23.32736, -20.9927]","[17.5, 0, 0]","[-0.71174, 24.12966, -22.57433]","[1.42347, 0.39541, 3.16327]",0,"[0, 24.32736, -20.9927]","[17.5, 0, 0]","[-1.14519, 28.65397, -28.80701]","[2.29037, 0.46955, 5.75639]",0,"[0, 28.88874, -24.92883]","[17.5, 0, 0]","[-0.93415, 31.67017, -29.62881]","[1.86831, 0.51897, 4.15179]",0,"[0, 31.92966, -27.55291]","[17.5, 0, 0]","[-0.60052, 19.09939, -19.04709]","[1.20105, 0.33363, 2.66901]",0,"[0, 19.26621, -17.71258]","[17.5, 0, 0]","[-0.88967, 30.76207, -28.21791]","[1.77934, 0.49426, 3.95409]",0,"[0, 31.0092, -26.24087]","[17.5, 0, 0]","[-0.88967, 30.16207, -28.21791]","[1.77934, 0.49426, 3.95409]",0,"[0, 30.4092, -26.24087]","[17.5, 0, 0]","[-0.97864, 32.17828, -31.0397]","[1.95727, 0.54369, 4.3495]",0,"[0, 32.45012, -28.86496]","[17.5, 0, 0]"
long_c3,cube,long,long_c3,3,long,"[-0.88967, 23.19629, -18.44235]","[4.05638, 4.94261, 8.50129]",0,"[0, 23.394, -12.51122]","[-30, 0, 0]","[-0.88967, 23.19629, -18.44235]","[4.05638, 4.94261, 8.50129]",0,"[0, 23.394, -12.51122]","[-30, 0, 0]","[-0.96084, 25.05199, -19.91774]","[4.38089, 5.33802, 9.1814]",0,"[0, 25.26552, -13.51212]","[-30, 0, 0]","[-0.84519, 21.08648, -17.52023]","[3.85356, 4.69548, 8.07622]",0,"[0, 21.2743, -11.88566]","[-30, 0, 0]","[-0.97864, 25.51592, -20.28659]","[4.46202, 5.43687, 9.35142]",0,"[0, 25.7334, -13.76234]","[-30, 0, 0]","[-0.97864, 26.61592, -20.28659]","[4.46202, 5.43687, 9.35142]",0,"[0, 26.8334, -13.76234]","[-30, 0, 0]","[-0.88967, 22.19629, -18.44235]","[4.05638, 4.94261, 8.50129]",0,"[0, 22.394, -12.51122]","[-30, 0, 0]","[-0.88967, 23.19629, -18.44235]","[4.05638, 4.94261, 8.50129]",0,"[0, 23.394, -12.51122]","[-30, 0, 0]","[-1.06493, 27.76596, -22.07549]","[4.85548, 5.9163, 10.17604]",0,"[0, 28.00262, -14.97593]","[-30, 0, 0]","[-0.88967, 23.19629, -18.44235]","[4.05638, 4.94261, 8.50129]",0,"[0, 23.394, -12.51122]","[-30, 0, 0]","[-0.88967, 23.19629, -18.44235]","[4.05638, 4.94261, 8.50129]",0,"[0, 23.394, -12.51122]","[-30, 0, 0]","[-0.8007, 19.97666, -16.59811]","[3.65074, 4.44835, 7.65116]",0,"[0, 20.1546, -11.2601]","[-30, 0, 0]","[-1.0676, 29.03555, -22.13082]","[4.86765, 5.93113, 10.20155]",0,"[0, 29.2728, -15.01346]","[-30, 0, 0]","[-0.92971, 24.79987, -17.84903]","[4.23892, 5.16503, 8.88385]",0,"[1.18975, 27.38238, -13.40711]","[-25, 0, 0]","[-1.0676, 26.83555, -22.13082]","[4.86765, 5.93113, 10.20155]",0,"[0, 27.0728, -15.01346]","[-30, 0, 0]","[-0.71174, 17.55703, -14.75388]","[3.24511, 3.95409, 6.80103]",0,"[0, 17.7152, -10.00898]","[-30, 0, 0]","[-0.71174, 18.55703, -14.75388]","[3.2451, 3.95409, 6.80103]",0,"[0, 18.7152, -10.00898]","[-30, 0, 0]","[-0.84519, 19.13648, -17.52023]","[3.85356, 7.59548, 8.07623]",0,"[0, 22.2243, -11.88566]","[-30, 0, 0]","[-0.93415, 24.3561, -19.36447]","[4.2592, 5.18974, 8.92635]",0,"[0, 24.5637, -13.13678]","[-30, 0, 0]","[-0.60053, 14.3975, -12.44858]","[2.73805, 3.33626, 5.73837]",0,"[0, 14.53095, -8.44507]","[-30, 0, 0]","[-0.88967, 23.79629, -18.44235]","[4.05638, 4.94261, 8.50129]",0,"[0, 23.994, -12.51122]","[-30, 0, 0]","[-0.88967, 23.19629, -18.44235]","[4.05638, 4.94261, 8.50129]",0,"[0, 23.394, -12.51122]","[-30, 0, 0]","[-0.97864, 24.51592, -20.28659]","[4.46202, 5.43687, 9.35142]",0,"[0, 24.7334, -13.76234]","[-30, 0, 0]"
short,bone,short,,,mane,,,,"[0, 26.8538, -15.6112]",,,,,"[0, 26.8538, -15.6112]",,,,,"[0, 29.0021, -16.8601]",,,,,"[0, 24.56111, -14.83064]",,,,,"[0, 29.20918, -17.50232]",,,,,"[0, 30.63918, -17.17232]",,,,,"[0, 25.8538, -15.6112]",,,,,"[0, 26.8538, -15.6112]",,,,,"[0, 32.144, -18.6866]",,,,,"[0, 26.5538, -16.0112]",,,,,"[0, 26.8538, -15.6112]",,,,,"[0, 23.26842, -14.05008]",,,,,"[0, 33.42456, -18.73344]",,,,,"[0, 27.74872, -16.6272]",,,,,"[0, 31.22456, -18.73344]",,,,,"[0, 20.48304, -12.48896]",,,,,"[0, 21.48304, -12.48896]",,,,,"[0, 25.51111, -14.83064]",,,,,"[0, 28.19649, -16.39176]",,,,,"[0, 16.86631, -10.53756]",,,,,"[0, 27.4538, -15.6112]",,,,,"[0, 26.8538, -15.6112]",,,,,"[0, 28.53918, -17.17232]",
short_c1,cube,short,short_c1,1,short,"[-0.88978, 30.8078, -24.96671]","[1.77956, 1.30801, 9.39004]",-0.01,"[0, 26.85382, -23.97807]","[-7.5, 0, 0]","[-0.88978, 30.8078, -24.96671]","[1.77956, 1.30801, 9.39004]",-0.01,"[0, 26.85382, -23.97807]","[-7.5, 0, 0]","[-0.96016, 33.27322, -26.96325]","[1.92032, 1.41105, 10.13965]",-0.01,"[0, 29.00213, -25.89632]","[-7.5, 0, 0]","[-0.84579, 28.31691, -23.71887]","[1.69158, 1.24361, 8.92153]",-0.01,"[0, 24.56113, -22.77917]","[-7.5, 0, 0]","[-0.97776, 33.23406, -27.16565]","[1.95552, 1.43681, 10.32704]",-0.01,"[0, 33.95246, -22.00213]","[-10, 0, 0]","[-0.97776, 34.98958, -27.46238]","[1.95552, 1.43681, 10.32704]",-0.01,"[0, 30.6392, -26.37588]","[-7.5, 0, 0]","[-0.88978, 29.8078, -24.96671]","[1.77956, 1.30801, 9.39004]",-0.01,"[0, 25.85382, -23.97807]","[-7.5, 0, 0]","[-0.88978, 30.8078, -24.96671]","[1.77956, 1.30801, 9.39004]",-0.01,"[0, 26.85382, -23.97807]","[-7.5, 0, 0]","[-1.06309, 36.87891, -29.88318]","[2.12618, 1.56174, 11.23594]",-0.01,"[0, 32.14402, -28.70175]","[-7.5, 0, 0]","[-0.88978, 30.5078, -25.36671]","[1.77956, 1.30801, 9.39004]",-0.01,"[0, 26.55382, -24.37807]","[-7.5, 0, 0]","[-0.88978, 30.8078, -24.96671]","[1.77956, 1.30801, 9.39004]",-0.01,"[0, 26.85382, -23.97807]","[-7.5, 0, 0]","[-0.8018, 26.82602, -20.67104]","[1.6036, 1.17921, 6.65304]",-0.01,"[0, 23.26844, -21.58026]","[-7.5, 0, 0]","[-1.06574, 38.17136, -29.95805]","[2.13148, 1.56561, 11.26405]",-0.01,"[0, 33.42458, -28.77368]","[-7.5, 0, 0]","[-0.92937, 31.43936, -26.32787]","[1.85874, 1.55596, 9.69294]",-0.01,"[0, 32.31234, -21.42202]","[-12.5, 0, 0]","[-1.06574, 35.97136, -29.95805]","[2.13148, 1.56561, 11.26405]",-0.01,"[0, 31.22458, -28.77368]","[-7.5, 0, 0]","[-0.71382, 23.64424, -19.97537]","[1.42764, 1.05041, 7.51603]",-0.01,"[0, 20.48306, -19.18246]","[-7.5, 0, 0]","[-0.71382, 24.64424, -19.97537]","[1.42765, 1.05041, 7.51603]",-0.01,"[0, 21.48306, -19.18246]","[-7.5, 0, 0]","[-0.84579, 29.26691, -23.71887]","[1.69158, 1.24361, 8.92154]",-0.01,"[0, 25.51113, -22.77917]","[-7.5, 0, 0]","[-0.93377, 32.34869, -26.21455]","[1.86754, 1.37241, 9.85854]",-0.01,"[0, 28.19651, -25.17697]","[-7.5, 0, 0]","[-0.60386, 19.53201, -16.18078]","[1.2077, 0.88941, 5.66978]",-0.01,"[0, 16.86632, -16.18519]","[-7.5, 0, 0]","[-0.88978, 31.4078, -25.16671]","[1.77956, 1.30801, 9.59004]",-0.01,"[0, 27.45382, -23.97807]","[-7.5, 0, 0]","[-0.88978, 30.8078, -24.96671]","[1.77956, 1.30801, 9.39004]",-0.01,"[0, 26.85382, -23.97807]","[-7.5, 0, 0]","[-0.97776, 32.88958, -27.46238]","[1.95552, 1.43681, 10.32704]",-0.01,"[0, 28.5392, -26.37588]","[-7.5, 0, 0]"
short_c2,cube,short,short_c2,2,short,"[-0.88967, 27.15038, -18.44235]","[1.77934, 1.57934, 8.50129]",0,"[0, 23.394, -12.51122]","[-30, 0, 0]","[-0.88967, 27.15038, -18.44235]","[1.77934, 1.57934, 8.50129]",0,"[0, 23.394, -12.51122]","[-30, 0, 0]","[-0.96084, 29.32241, -19.91774]","[1.92168, 1.70569, 9.1814]",0,"[0, 25.26552, -13.51212]","[-30, 0, 0]","[-0.84519, 24.84286, -17.52023]","[1.69038, 1.50037, 8.07622]",0,"[0, 21.2743, -11.88566]","[-30, 0, 0]","[-0.97864, 29.53542, -20.61659]","[1.95728, 1.73727, 9.35142]",0,"[0, 25.4034, -14.09234]","[-30, 0, 0]","[-0.97864, 30.96542, -20.28659]","[1.95728, 1.73727, 9.35142]",0,"[0, 26.8334, -13.76234]","[-30, 0, 0]","[-0.88967, 26.15038, -18.44235]","[1.77934, 1.57934, 8.50129]",0,"[0, 22.394, -12.51122]","[-30, 0, 0]","[-0.88967, 27.15038, -18.44235]","[1.77934, 1.57934, 8.50129]",0,"[0, 23.394, -12.51122]","[-30, 0, 0]","[-1.06493, 32.49901, -22.07549]","[2.12986, 1.89047, 10.17604]",0,"[0, 28.00262, -14.97593]","[-30, 0, 0]","[-0.88967, 26.85038, -18.84235]","[1.77934, 1.57934, 8.50129]",0,"[0, 23.094, -12.91122]","[-30, 0, 0]","[-0.88967, 27.15038, -18.44235]","[1.77934, 1.57934, 8.50129]",0,"[0, 23.394, -12.51122]","[-30, 0, 0]","[-0.8007, 23.53534, -16.59811]","[1.6014, 1.42141, 7.65116]",0,"[0, 20.1546, -11.2601]","[-30, 0, 0]","[-1.0676, 33.78046, -22.13082]","[2.1352, 1.8952, 10.20155]",0,"[0, 29.2728, -15.01346]","[-30, 0, 0]","[-0.92971, 28.30024, -17.45017]","[1.85942, 1.65041, 9.35884]",0,"[0, 29.12545, -12.53325]","[-25, 0, 0]","[-1.0676, 31.58046, -22.13082]","[2.1352, 1.8952, 10.20155]",0,"[0, 27.0728, -15.01346]","[-30, 0, 0]","[-0.71174, 20.7203, -14.75388]","[1.42348, 1.26348, 6.80103]",0,"[0, 17.7152, -10.00898]","[-30, 0, 0]","[-0.71174, 21.7203, -14.75388]","[1.42347, 1.26347, 6.80103]",0,"[0, 18.7152, -10.00898]","[-30, 0, 0]","[-0.84519, 25.79286, -17.52023]","[1.69037, 1.50037, 8.07623]",0,"[0, 22.2243, -11.88566]","[-30, 0, 0]","[-0.93415, 28.5079, -19.36447]","[1.86831, 1.65831, 8.92635]",0,"[0, 24.5637, -13.13678]","[-30, 0, 0]","[-0.60052, 17.0665, -12.44858]","[1.20105, 1.06606, 5.73837]",0,"[0, 14.53095, -8.44507]","[-30, 0, 0]","[-0.88967, 27.75038, -18.44235]","[1.77934, 1.57934, 8.50129]",0,"[0, 23.994, -12.51122]","[-30, 0, 0]","[-0.88967, 27.15038, -18.44235]","[1.77934, 1.57934, 8.50129]",0,"[0, 23.394, -12.51122]","[-30, 0, 0]","[-0.97864, 28.86542, -20.28659]","[1.95727, 1.73727, 9.35142]",0,"[0, 24.7334, -13.76234]","[-30, 0, 0]"
wagon_harness,bone,wagon_harness,,,neck,,,,"[-0.02991, 26.84412, -10.02011]","[157.5, 0, 0]",,,,"[-0.02991, 26.84412, -10.02011]","[157.5, 0, 0]",,,,"[-0.0323, 28.99165, -10.82172]","[157.5, 0, 0]",,,,"[-0.02841, 24.55191, -9.5191]","[157.5, 0, 0]",,,,"[-0.0329, 29.52853, -11.02212]","[157.5, 0, 0]",,,,"[-0.0329, 30.62853, -11.02212]","[157.5, 0, 0]",,,,"[-0.02991, 25.84412, -10.02011]","[157.5, 0, 0]",,,,"[-0.02991, 26.84412, -10.02011]","[157.5, 0, 0]",,,,"[-0.03581, 32.13241, -11.99407]","[157.5, 0, 0]",,,,"[-0.02991, 26.84412, -10.02011]","[157.5, 0, 0]",,,,"[-0.02991, 26.84412, -10.02011]","[157.5, 0, 0]",,,,"[-0.02692, 23.25971, -9.0181]","[157.5, 0, 0]",,,,"[-0.03589, 33.41294, -12.02413]","[157.5, 0, 0]",,,,"[-0.03126, 28.0521, -10.47101]","[157.5, 0, 0]",,,,"[-0.03589, 31.21294, -12.02413]","[157.5, 0, 0]",,,,"[-0.02393, 20.4753, -8.01609]","[157.5, 0, 0]",,,,"[-0.02393, 21.4753, -8.01609]","[157.5, 0, 0]",,,,"[-0.02841, 25.50191, -9.5191]","[157.5, 0, 0]",,,,"[-0.03141, 28.18633, -10.52112]","[157.5, 0, 0]",,,,"[-0.02019, 16.85978, -6.76357]","[157.5, 0, 0]",,,,"[-0.02991, 27.44412, -10.02011]","[157.5, 0, 0]",,,,"[-0.02991, 26.84412, -10.02011]","[157.5, 0, 0]",,,,"[-0.0329, 28.52853, -11.02212]","[157.5, 0, 0]"
wagon_harness_c1,cube,wagon_harness,wagon_harness_c1,1,wagon_harness,"[-4.13289, 32.48332, -14.52865]","[8.12218, 4.87805, 14.11854]",0,"[-0.07181, 32.76557, -4.94392]","[67.50008, -0.00168, 0.01959]","[-4.13289, 32.48332, -14.52865]","[8.12218, 4.87805, 14.11854]",0,"[-0.07181, 32.76557, -4.94392]","[67.50008, -0.00168, 0.01959]","[-4.46352, 35.08199, -15.69094]","[8.77195, 5.26829, 15.24802]",0,"[-0.07755, 35.38682, -5.33943]","[67.50008, -0.00168, 0.01959]","[-3.92625, 29.90915, -13.80222]","[7.71608, 4.63415, 13.41262]",0,"[-0.06822, 30.17729, -4.69672]","[67.50008, -0.00168, 0.01959]","[-4.54618, 35.73165, -15.98152]","[8.9344, 5.36586, 15.5304]",0,"[-0.07899, 36.04213, -5.43831]","[67.50008, -0.00168, 0.01959]","[-4.54618, 36.83165, -15.98152]","[8.9344, 5.36586, 15.5304]",0,"[-0.07899, 37.14213, -5.43831]","[67.50008, -0.00168, 0.01959]","[-4.13289, 31.48332, -14.52865]","[8.12218, 4.87805, 14.11854]",0,"[-0.07181, 31.76557, -4.94392]","[67.50008, -0.00168, 0.01959]","[-4.13289, 32.48332, -14.52865]","[8.12218, 4.87805, 14.11854]",0,"[-0.07181, 32.76557, -4.94392]","[67.50008, -0.00168, 0.01959]","[-4.94707, 38.88253, -17.39079]","[9.72225, 5.83903, 16.89989]",0,"[-0.08596, 39.22039, -5.91787]","[67.50008, -0.00168, 0.01959]","[-4.13289, 32.48332, -14.52865]","[8.12218, 4.87805, 14.11854]",0,"[-0.07181, 32.76557, -4.94392]","[67.50008, -0.00168, 0.01959]","[-4.13289, 32.48332, -14.52865]","[8.12218, 4.87805, 14.11854]",0,"[-0.07181, 32.76557, -4.94392]","[67.50008, -0.00168, 0.01959]","[-3.7196, 28.33499, -13.07579]","[7.30996, 4.39024, 12.70669]",0,"[-0.06463, 28.58901, -4.44953]","[67.50008, -0.00168, 0.01959]","[-4.95947, 40.17998, -17.43438]","[9.74662, 5.85366, 16.94225]",0,"[-0.08617, 40.51868, -5.9327]","[67.50008, -0.00168, 0.01959]","[-4.31887, 33.94507, -15.18244]","[8.48768, 5.09756, 14.75388]",0,"[-0.07504, 34.24002, -5.16639]","[67.50008, -0.00168, 0.01959]","[-4.95947, 37.97998, -17.43438]","[9.74662, 5.85366, 16.94225]",0,"[-0.08617, 38.31868, -5.9327]","[67.50008, -0.00168, 0.01959]","[-3.30631, 24.98666, -11.62292]","[6.49774, 3.90244, 11.29483]",0,"[-0.05745, 25.21246, -3.95514]","[67.50008, -0.00168, 0.01959]","[-3.30631, 25.98666, -11.62292]","[6.49774, 3.90244, 11.29483]",0,"[-0.05745, 26.21246, -3.95514]","[67.50008, -0.00168, 0.01959]","[-3.92625, 30.85915, -13.80222]","[7.71607, 4.63415, 13.41261]",0,"[-0.06822, 31.12729, -4.69672]","[67.50008, -0.00168, 0.01959]","[-4.33953, 34.10749, -15.25508]","[8.52829, 5.12195, 14.82447]",0,"[-0.0754, 34.40385, -5.19112]","[67.50008, -0.00168, 0.01959]","[-2.7897, 20.66624, -9.80684]","[5.48248, 3.29269, 9.53002]",0,"[-0.04847, 20.85676, -3.33715]","[67.50008, -0.00168, 0.01959]","[-4.13289, 33.08332, -14.52865]","[8.12218, 4.87805, 14.11854]",0,"[-0.07181, 33.36557, -4.94392]","[67.50008, -0.00168, 0.01959]","[-4.13289, 32.48332, -14.52865]","[8.12218, 4.87805, 14.11854]",0,"[-0.07181, 32.76557, -4.94392]","[67.50008, -0.00168, 0.01959]","[-4.54618, 34.73165, -15.98152]","[8.9344, 5.36586, 15.53039]",0,"[-0.07899, 35.04213, -5.43831]","[67.50008, -0.00168, 0.01959]"
wagon_harness_c2,cube,wagon_harness,wagon_harness_c2,2,wagon_harness,"[-1.47884, 24.66527, -9.93859]","[4.12641, 0.95831, 0.95831]",0,"[-0.00876, 24.56873, -10.97589]","[-105.16911, 24.62796, 112.83685]","[-1.47884, 24.66527, -9.93859]","[4.12641, 0.95831, 0.95831]",0,"[-0.00876, 24.56873, -10.97589]","[-105.16911, 24.62796, 112.83685]","[-1.59715, 26.63849, -10.73368]","[4.45653, 1.03498, 1.03498]",0,"[-0.00946, 26.53423, -11.85396]","[-105.16911, 24.62796, 112.83685]","[-1.4049, 22.48201, -9.44166]","[3.92009, 0.91039, 0.91039]",0,"[-0.00832, 22.39029, -10.4271]","[-105.16911, 24.62796, 112.83685]","[-1.62672, 27.1318, -10.93245]","[4.53905, 1.05414, 1.05414]",0,"[-0.00964, 27.0256, -12.07348]","[-105.16911, 24.62796, 112.83685]","[-1.62672, 28.2318, -10.93245]","[4.53905, 1.05414, 1.05414]",0,"[-0.00964, 28.1256, -12.07348]","[-105.16911, 24.62796, 112.83685]","[-1.47884, 23.66527, -9.93859]","[4.12641, 0.95831, 0.95831]",0,"[-0.00876, 23.56873, -10.97589]","[-105.16911, 24.62796, 112.83685]","[-1.47884, 24.66527, -9.93859]","[4.12641, 0.95831, 0.95831]",0,"[-0.00876, 24.56873, -10.97589]","[-105.16911, 24.62796, 112.83685]","[-1.77017, 29.52433, -11.89649]","[4.93931, 1.14709, 1.1471]",0,"[-0.01049, 29.40877, -13.13814]","[-105.16911, 24.62796, 112.83685]","[-1.47884, 24.66527, -9.93859]","[4.12641, 0.95831, 0.95831]",0,"[-0.00876, 24.56873, -10.97589]","[-105.16911, 24.62796, 112.83685]","[-1.47884, 24.66527, -9.93859]","[4.12641, 0.95831, 0.95831]",0,"[-0.00876, 24.56873, -10.97589]","[-105.16911, 24.62796, 112.83685]","[-1.33096, 21.29874, -8.94473]","[3.71377, 0.86248, 0.86248]",0,"[-0.00788, 21.21186, -9.8783]","[-105.16911, 24.62796, 112.83685]","[-1.77461, 30.79832, -11.92631]","[4.95169, 1.14998, 1.14997]",0,"[-0.01051, 30.68248, -13.17107]","[-105.16911, 24.62796, 112.83685]","[-1.54538, 25.77521, -10.38583]","[4.31209, 1.00143, 1.00144]",0,"[-0.00916, 25.67432, -11.46981]","[-105.16911, 24.62796, 112.83685]","[-1.77461, 28.59832, -11.92631]","[4.95169, 1.14998, 1.14997]",0,"[-0.01051, 28.48248, -13.17107]","[-105.16911, 24.62796, 112.83685]","[-1.18307, 18.73222, -7.95087]","[3.30113, 0.76664, 0.76665]",0,"[-0.00701, 18.65498, -8.78071]","[-105.16911, 24.62796, 112.83685]","[-1.18307, 19.73222, -7.95087]","[3.30113, 0.76665, 0.76665]",0,"[-0.00701, 19.65498, -8.78071]","[-105.16911, 24.62796, 112.83685]","[-1.4049, 23.43201, -9.44166]","[3.92009, 0.91039, 0.91039]",0,"[-0.00832, 23.34029, -10.4271]","[-105.16911, 24.62796, 112.83685]","[-1.55278, 25.89853, -10.43552]","[4.33273, 1.00623, 1.00623]",0,"[-0.0092, 25.79717, -11.52468]","[-105.16911, 24.62796, 112.83685]","[-0.99822, 15.38905, -6.70855]","[2.78533, 0.64686, 0.64686]",0,"[-0.00591, 15.32389, -7.40873]","[-105.16911, 24.62796, 112.83685]","[-1.47884, 25.26527, -9.93859]","[4.12641, 0.95831, 0.95831]",0,"[-0.00876, 25.16873, -10.97589]","[-105.16911, 24.62796, 112.83685]","[-1.47884, 24.66527, -9.93859]","[4.12641, 0.95831, 0.95831]",0,"[-0.00876, 24.56873, -10.97589]","[-105.16911, 24.62796, 112.83685]","[-1.62672, 26.1318, -10.93245]","[4.53905, 1.05414, 1.05414]",0,"[-0.00964, 26.0256, -12.07348]","[-105.16911, 24.62796, 112.83685]"
wagon_harness_c3,cube,wagon_harness,wagon_harness_c3,3,wagon_harness,"[-2.6651, 24.66527, -9.93859]","[4.12642, 0.95831, 0.95831]",0,"[-0.00876, 24.56873, -10.97589]","[-105.16911, -24.62796, -112.83685]","[-2.6651, 24.66527, -9.93859]","[4.12642, 0.95831, 0.95831]",0,"[-0.00876, 24.56873, -10.97589]","[-105.16911, -24.62796, -112.83685]","[-2.87831, 26.63849, -10.73368]","[4.45654, 1.03498, 1.03498]",0,"[-0.00946, 26.53423, -11.85396]","[-105.16911, -24.62796, -112.83685]","[-2.53184, 22.48201, -9.44166]","[3.92009, 0.91039, 0.91039]",0,"[-0.00832, 22.39029, -10.4271]","[-105.16911, -24.62796, -112.83685]","[-2.93161, 27.1318, -10.93245]","[4.53906, 1.05414, 1.05414]",0,"[-0.00964, 27.0256, -12.07348]","[-105.16911, -24.62796, -112.83685]","[-2.93161, 28.2318, -10.93245]","[4.53906, 1.05414, 1.05414]",0,"[-0.00964, 28.1256, -12.07348]","[-105.16911, -24.62796, -112.83685]","[-2.6651, 23.66527, -9.93859]","[4.12642, 0.95831, 0.95831]",0,"[-0.00876, 23.56873, -10.97589]","[-105.16911, -24.62796, -112.83685]","[-2.6651, 24.66527, -9.93859]","[4.12642, 0.95831, 0.95831]",0,"[-0.00876, 24.56873, -10.97589]","[-105.16911, -24.62796, -112.83685]","[-3.19013, 29.52433, -11.89649]","[4.93933, 1.14709, 1.1471]",0,"[-0.01049, 29.40877, -13.13814]","[-105.16911, -24.62796, -112.83685]","[-2.6651, 24.66527, -9.93859]","[4.12642, 0.95831, 0.95831]",0,"[-0.00876, 24.56873, -10.97589]","[-105.16911, -24.62796, -112.83685]","[-2.6651, 24.66527, -9.93859]","[4.12642, 0.95831, 0.95831]",0,"[-0.00876, 24.56873, -10.97589]","[-105.16911, -24.62796, -112.83685]","[-2.39859, 21.29874, -8.94473]","[3.71378, 0.86248, 0.86248]",0,"[-0.00788, 21.21186, -9.8783]","[-105.16911, -24.62796, -112.83685]","[-3.19812, 30.79832, -11.92631]","[4.9517, 1.14998, 1.14997]",0,"[-0.01051, 30.68248, -13.17107]","[-105.16911, -24.62796, -112.83685]","[-2.78503, 25.77521, -10.38583]","[4.31211, 1.00143, 1.00144]",0,"[-0.00916, 25.67432, -11.46981]","[-105.16911, -24.62796, -112.83685]","[-3.19812, 28.59832, -11.92631]","[4.9517, 1.14998, 1.14997]",0,"[-0.01051, 28.48248, -13.17107]","[-105.16911, -24.62796, -112.83685]","[-2.13208, 18.73222, -7.95087]","[3.30114, 0.76664, 0.76665]",0,"[-0.00701, 18.65498, -8.78071]","[-105.16911, -24.62796, -112.83685]","[-2.13208, 19.73222, -7.95087]","[3.30114, 0.76665, 0.76665]",0,"[-0.00701, 19.65498, -8.78071]","[-105.16911, -24.62796, -112.83685]","[-2.53184, 23.43201, -9.44166]","[3.9201, 0.91039, 0.91039]",0,"[-0.00832, 23.34029, -10.4271]","[-105.16911, -24.62796, -112.83685]","[-2.79836, 25.89853, -10.43552]","[4.33274, 1.00623, 1.00623]",0,"[-0.0092, 25.79717, -11.52468]","[-105.16911, -24.62796, -112.83685]","[-1.79894, 15.38905, -6.70855]","[2.78533, 0.64686, 0.64686]",0,"[-0.00591, 15.32389, -7.40873]","[-105.16911, -24.62796, -112.83685]","[-2.6651, 25.26527, -9.93859]","[4.12642, 0.95831, 0.95831]",0,"[-0.00876, 25.16873, -10.97589]","[-105.16911, -24.62796, -112.83685]","[-2.6651, 24.66527, -9.93859]","[4.12642, 0.95831, 0.95831]",0,"[-0.00876, 24.56873, -10.97589]","[-105.16911, -24.62796, -112.83685]","[-2.93161, 26.1318, -10.93245]","[4.53906, 1.05414, 1.05414]",0,"[-0.00964, 26.0256, -12.07348]","[-105.16911, -24.62796, -112.83685]"
head,bone,head,,,neck,,,,"[0, 28.84166, -23.64718]","[22.5, 0, 0]",,,,"[0, 28.84166, -23.64718]","[22.5, 0, 0]",,,,"[0, 31.14899, -25.53895]","[22.5, 0, 0]",,,,"[0, 26.44958, -21.51482]","[22.5, 0, 0]",,,,"[0, 31.72583, -26.0119]","[22.5, 0, 0]",,,,"[0, 32.82583, -26.0119]","[22.5, 0, 0]",,,,"[0, 27.84166, -23.64718]","[22.5, 0, 0]",,,,"[0, 28.84166, -23.64718]","[15, 0, 0]",,,,"[0, 34.52347, -28.30568]","[22.5, 0, 0]",,,,"[0, 28.84166, -23.64718]","[22.5, 0, 0]",,,,"[0, 28.84166, -23.64718]","[35, 0, 0]",,,,"[0, 25.05749, -19.48246]","[22.5, 0, 0]",,,,"[0, 35.80999, -28.37662]","[22.5, 0, 0]",,,,"[0, 30.13954, -24.7113]","[22.5, 0, 0]",,,,"[0, 33.60999, -28.37662]","[17.5, 0, 0]",,,,"[0, 22.07333, -18.91774]","[22.5, 0, 0]",,,,"[0, 23.07333, -18.91774]","[22.5, 0, 0]",,,,"[0, 27.39958, -22.46482]","[22.5, 0, 0]",,,,"[0, 30.28374, -24.82954]","[27.5, 0, 0]",,,,"[0, 18.20812, -15.28684]","[22.5, 0, 0]",,,,"[0, 29.44166, -23.84718]","[30, 0, 0]",,,,"[0, 28.84166, -23.64718]","[32.5, 0, 0]",,,,"[0, 30.72583, -26.0119]","[22.5, 0, 0]"
head_c1,cube,head,head_c1,1,head,"[-2.96796, 28.55117, -31.222]","[5.93592, 2.46568, 7.92096]",0,,,"[-2.96796, 28.55117, -31.222]","[5.93592, 2.46568, 7.92096]",0,,,"[-3.2054, 30.83526, -33.71976]","[6.4108, 3.08794, 8.55464]",0,,,"[-2.81956, 26.17361, -28.7109]","[5.63912, 2.3424, 7.52491]",0,,,"[-3.26476, 31.40629, -34.3442]","[6.52952, 2.71225, 8.71306]",0,,,"[-3.26476, 32.50629, -34.3442]","[6.52952, 2.71225, 8.71306]",0,,,"[-2.96796, 27.55117, -31.222]","[5.93592, 2.46568, 7.92096]",0,,,"[-2.96796, 28.55117, -31.222]","[5.93592, 2.46568, 7.92096]",0,,,"[-3.55265, 34.17575, -37.37273]","[7.1053, 3.32642, 9.48139]",0,,,"[-2.96796, 28.55117, -31.222]","[5.93592, 2.46568, 7.92096]",0,,,"[-2.96796, 28.55117, -31.222]","[5.93592, 2.46568, 7.92096]",0,,,"[-2.67116, 24.79605, -26.2998]","[5.34232, 2.21912, 7.12886]",0,,,"[-3.56155, 35.4614, -37.4664]","[7.1231, 3.05882, 9.50515]",0,,,"[-3.10152, 29.83598, -32.62699]","[6.20304, 2.57663, 8.27741]",0,,,"[-3.56155, 33.2614, -37.4664]","[7.1231, 2.95882, 9.50515]",0,,,"[-2.37437, 21.84094, -24.9776]","[4.74874, 1.97254, 6.33677]",0,,,"[-2.37437, 22.84094, -24.9776]","[4.74874, 1.97254, 6.33677]",0,,,"[-2.81956, 27.12361, -29.6609]","[5.63912, 2.3424, 7.52491]",0,,,"[-3.11636, 29.97873, -32.7831]","[6.23272, 2.58896, 8.31701]",0,,,"[-2.00337, 18.01204, -20.39985]","[4.00675, 1.66433, 5.34665]",0,,,"[-2.96796, 29.15117, -31.422]","[5.93592, 2.46568, 7.92096]",0,,,"[-2.96796, 28.55117, -31.222]","[5.93592, 2.46568, 7.92096]",0,,,"[-3.26476, 30.40629, -34.3442]","[6.52951, 2.71225, 8.71306]",0,,
head_c2,cube,head,head_c2,2,head,"[-2.96796, 24.87138, -31.222]","[5.93592, 3.67979, 4.2681]",0,,,"[-2.96796, 24.67138, -31.222]","[5.93592, 3.87979, 4.2681]",0,,,"[-3.2054, 26.86109, -33.71976]","[6.4108, 3.97417, 4.60955]",0,,,"[-2.81956, 22.86781, -28.7109]","[5.63912, 3.3058, 4.0547]",0,,,"[-3.26476, 27.57852, -34.3442]","[6.52952, 3.82777, 4.69491]",0,,,"[-3.26476, 28.45852, -34.3442]","[6.52952, 4.04777, 4.69491]",0,,,"[-2.96796, 23.57138, -31.222]","[5.93592, 3.97979, 4.2681]",0,,,"[-2.96796, 24.87138, -31.222]","[5.93592, 3.67979, 4.2681]",0,,,"[-3.55265, 29.67604, -37.37273]","[7.1053, 4.49971, 5.10892]",0,,,"[-2.96796, 25.07138, -31.222]","[5.93592, 3.47979, 4.2681]",0,,,"[-2.96796, 25.07138, -31.222]","[5.93592, 3.47979, 4.2681]",0,,,"[-2.67116, 21.48424, -26.2998]","[5.34232, 3.31181, 3.84129]",0,,,"[-3.56155, 31.04566, -37.4664]","[7.1231, 4.41574, 5.12172]",0,,,"[-3.10152, 26.48459, -32.62699]","[6.20304, 3.35139, 4.46016]",0,,,"[-3.56155, 28.54566, -37.4664]","[7.1231, 4.71574, 5.22172]",0,,,"[-2.37437, 19.0971, -24.9776]","[4.74874, 2.74384, 3.41448]",0,,,"[-2.37437, 20.1371, -24.9776]","[4.74874, 2.70383, 3.41448]",0,,,"[-2.81956, 23.52781, -29.6609]","[5.63912, 3.5958, 4.0547]",0,,,"[-3.11636, 26.32495, -32.7831]","[6.23272, 3.65378, 4.48151]",0,,,"[-2.00337, 15.43818, -20.39985]","[4.00675, 2.57386, 2.88097]",0,,,"[-2.96796, 25.37138, -31.422]","[5.93592, 3.77979, 4.2681]",0,,,"[-2.96796, 25.07138, -31.222]","[5.93592, 3.47979, 4.2681]",0,,,"[-3.26476, 26.15852, -34.3442]","[6.52951, 4.24777, 4.69491]",0,,
head_c3,cube,head,head_c3,3,head,"[-3.4063, 24.29545, -29.23944]","[6.8126, 4.48306, 5.82112]",0,"[0, 26.62756, -25.11353]","[-7.5, 0, 0]","[-3.4063, 24.09545, -29.23944]","[6.8126, 4.68306, 5.82112]",0,"[0, 26.62756, -25.11353]","[-7.5, 0, 0]","[-3.6788, 26.23909, -31.5786]","[7.3576, 4.8417, 6.28681]",0,"[0, 28.75776, -27.12261]","[-7.5, 0, 0]","[-3.23599, 22.32068, -26.82747]","[6.47197, 4.0689, 5.53007]",0,"[0, 24.34618, -22.90785]","[-7.5, 0, 0]","[-3.74693, 26.945, -32.16338]","[7.49386, 4.71136, 6.40323]",0,"[0, 29.29032, -27.62488]","[-7.5, 0, 0]","[-3.74693, 27.825, -32.16338]","[7.49386, 4.93136, 6.40323]",0,"[0, 30.39032, -27.62488]","[-7.5, 0, 0]","[-3.4063, 22.99545, -29.23944]","[6.8126, 4.78306, 5.82112]",0,"[0, 25.62756, -25.11353]","[-7.5, 0, 0]","[-3.4063, 24.29545, -29.23944]","[6.8126, 4.48306, 5.82112]",0,"[0, 26.62756, -25.11353]","[-7.5, 0, 0]","[-4.07734, 28.98666, -34.99961]","[8.15468, 5.46121, 6.96788]",0,"[0, 31.87319, -30.0609]","[-7.5, 0, 0]","[-3.4063, 24.32045, -29.23944]","[6.8126, 4.48306, 5.82112]",0,"[0, 26.45256, -25.11353]","[-10, 0, 0]","[-3.4063, 24.49545, -29.23944]","[6.8126, 4.28306, 5.82112]",0,"[0, 26.62756, -25.11353]","[-7.5, 0, 0]","[-3.06567, 20.96591, -24.5155]","[6.13134, 4.03475, 5.23901]",0,"[0, 23.0648, -20.80218]","[-7.5, 0, 0]","[-4.08756, 30.35454, -35.08733]","[8.17512, 5.37967, 6.98535]",0,"[0, 33.15307, -30.13624]","[-7.5, 0, 0]","[-3.55958, 25.88275, -30.55521]","[7.11916, 4.19079, 6.08307]",0,"[0, 27.8258, -26.24364]","[-7.5, 0, 0]","[-4.08756, 27.85454, -35.08733]","[8.17512, 5.67967, 6.98535]",0,"[0, 30.95307, -30.13624]","[-7.5, 0, 0]","[-2.72504, 18.63636, -23.39155]","[5.45008, 3.38645, 4.65689]",0,"[0, 20.30205, -20.09082]","[-7.5, 0, 0]","[-2.72504, 19.67636, -23.39155]","[5.45008, 3.34645, 4.6569]",0,"[0, 21.30205, -20.09082]","[-7.5, 0, 0]","[-3.23598, 22.98068, -27.77747]","[6.47197, 4.35891, 5.53006]",0,"[0, 25.29618, -23.85785]","[-7.5, 0, 0]","[-3.57661, 25.72022, -30.70141]","[7.15323, 4.49721, 6.11218]",0,"[0, 27.95894, -26.36921]","[-7.5, 0, 0]","[-2.29926, 15.04943, -19.06162]","[4.59851, 3.11606, 3.92926]",0,"[0, 16.7136, -16.27663]","[-7.5, 0, 0]","[-3.4063, 24.79545, -29.43944]","[6.8126, 4.58306, 5.82112]",0,"[0, 27.22756, -25.31353]","[-7.5, 0, 0]","[-3.4063, 24.49545, -29.23944]","[6.8126, 4.28306, 5.82112]",0,"[0, 26.62756, -25.11353]","[-7.5, 0, 0]","[-3.74693, 25.525, -32.16338]","[7.49386, 5.13137, 6.40323]",0,"[0, 28.29032, -27.62488]","[-7.5, 0, 0]"
saddle2,bone,saddle2,,,head,,,,"[0, 25.13353, -30.85196]",,,,,"[0, 25.13353, -30.85196]",,,,,"[0, 27.14421, -33.32012]",,,,,"[0, 22.92685, -28.35936]",,,,,"[0, 27.64688, -33.93716]",,,,,"[0, 28.74688, -33.93716]",,,,,"[0, 24.13353, -30.85196]",,,,,"[0, 25.13353, -30.85196]",,,,,"[0, 30.08484, -36.9298]",,,,,"[0, 25.13353, -30.85196]",,,,,"[0, 25.13353, -30.85196]",,,,,"[0, 21.72018, -25.96676]",,,,,"[0, 31.36024, -37.02235]",,,,,"[0, 26.26454, -32.2403]",,,,,"[0, 29.16024, -37.02235]",,,,,"[0, 19.10682, -24.68157]",,,,,"[0, 20.10682, -24.68157]",,,,,"[0, 23.87685, -29.30936]",,,,,"[0, 26.39021, -32.39456]",,,,,"[0, 15.70513, -20.15007]",,,,,"[0, 25.73353, -31.05196]",,,,,"[0, 25.13353, -30.85196]",,,,,"[0, 26.64688, -33.93716]",
saddle2_c1,cube,saddle2,saddle2_c1,1,saddle2,"[-3.41668, 25.046, -32.20254]","[6.83337, 1.14449, 1.14449]",0,"[0, 25.13353, -31.55196]","[15, 0, 0]","[-3.41668, 25.046, -32.20254]","[6.83337, 1.14449, 1.14449]",0,"[0, 25.13353, -31.55196]","[15, 0, 0]","[-3.69001, 27.04968, -34.77874]","[7.38004, 1.23605, 1.23605]",0,"[0, 27.14421, -34.07612]","[15, 0, 0]","[-3.24585, 22.8437, -29.64241]","[6.49171, 1.08727, 1.08726]",0,"[0, 22.92685, -29.02436]","[15, 0, 0]","[-3.75835, 27.5506, -35.42279]","[7.51671, 1.25894, 1.25893]",0,"[0, 27.64688, -34.70716]","[15, 0, 0]","[-3.75835, 28.6506, -35.42279]","[7.51671, 1.25894, 1.25893]",0,"[0, 28.74688, -34.70716]","[15, 0, 0]","[-3.41668, 24.046, -32.20254]","[6.83337, 1.14449, 1.14449]",0,"[0, 24.13353, -31.55196]","[15, 0, 0]","[-3.41668, 25.046, -32.20254]","[6.83337, 1.14449, 1.14449]",0,"[0, 25.13353, -31.55196]","[15, 0, 0]","[-4.08977, 29.98006, -38.54644]","[8.17955, 1.36996, 1.36996]",0,"[0, 30.08484, -37.7677]","[15, 0, 0]","[-3.41668, 25.046, -32.20254]","[6.83337, 1.14449, 1.14449]",0,"[0, 25.13353, -31.55196]","[15, 0, 0]","[-3.41668, 25.046, -32.20254]","[6.83337, 1.14449, 1.14449]",0,"[0, 25.13353, -31.55196]","[15, 0, 0]","[-3.07501, 21.6414, -27.18229]","[6.15003, 1.03004, 1.03005]",0,"[0, 21.72018, -26.59676]","[15, 0, 0]","[-4.10002, 31.2552, -38.64305]","[8.20005, 1.37339, 1.37339]",0,"[0, 31.36024, -37.86235]","[15, 0, 0]","[-3.57043, 26.17307, -33.65165]","[7.14087, 1.19599, 1.19598]",0,"[0, 26.26454, -32.9718]","[15, 0, 0]","[-4.10002, 29.0552, -38.64305]","[8.20005, 1.37339, 1.37339]",0,"[0, 29.16024, -37.86235]","[15, 0, 0]","[-2.73334, 19.0368, -25.76203]","[5.46669, 0.91559, 0.91559]",0,"[0, 19.10682, -25.24157]","[15, 0, 0]","[-2.73334, 20.0368, -25.76203]","[5.4667, 0.91559, 0.91559]",0,"[0, 20.10682, -25.24157]","[15, 0, 0]","[-3.24585, 23.7937, -30.59241]","[6.4917, 1.08727, 1.08727]",0,"[0, 23.87685, -29.97436]","[15, 0, 0]","[-3.58751, 26.2983, -33.81267]","[7.17504, 1.20171, 1.20171]",0,"[0, 26.39021, -33.12956]","[15, 0, 0]","[-2.30626, 15.64605, -21.06171]","[4.61253, 0.77253, 0.77252]",0,"[0, 15.70513, -20.62257]","[15, 0, 0]","[-3.41668, 25.646, -32.40254]","[6.83337, 1.14449, 1.14449]",0,"[0, 25.73353, -31.75196]","[15, 0, 0]","[-3.41668, 25.046, -32.20254]","[6.83337, 1.14449, 1.14449]",0,"[0, 25.13353, -31.55196]","[15, 0, 0]","[-3.75835, 26.5506, -35.42279]","[7.51671, 1.25894, 1.25894]",0,"[0, 26.64688, -34.70716]","[15, 0, 0]"
saddle2_c2,cube,saddle2,saddle2_c2,2,saddle2,"[2.4957, 23.0773, -32.4076]","[0.85602, 2.35186, 1.06873]",0,"[0, 25.13353, -31.55196]","[-47.5, 0, 0]","[2.4957, 23.0773, -32.4076]","[0.85602, 2.35186, 1.06873]",0,"[0, 25.13353, -31.55196]","[-47.5, 0, 0]","[2.69536, 24.92348, -35.00021]","[0.9245, 2.54001, 1.15423]",0,"[0, 27.14421, -34.07612]","[-47.5, 0, 0]","[2.37091, 20.97344, -29.83722]","[0.81322, 2.23426, 1.01529]",0,"[0, 22.92685, -29.02436]","[-47.5, 0, 0]","[2.74527, 25.38503, -35.64836]","[0.94162, 2.58705, 1.1756]",0,"[0, 27.64688, -34.70716]","[-47.5, 0, 0]","[2.74527, 26.48503, -35.64836]","[0.94162, 2.58705, 1.1756]",0,"[0, 28.74688, -34.70716]","[-47.5, 0, 0]","[2.4957, 22.0773, -32.4076]","[0.85602, 2.35186, 1.06873]",0,"[0, 24.13353, -31.55196]","[-47.5, 0, 0]","[2.4957, 23.0773, -32.4076]","[0.85602, 2.35186, 1.06873]",0,"[0, 25.13353, -31.55196]","[-47.5, 0, 0]","[2.98735, 27.62353, -38.7919]","[1.02466, 2.81517, 1.27927]",0,"[0, 30.08484, -37.7677]","[-47.5, 0, 0]","[2.4957, 23.0773, -32.4076]","[0.85602, 2.35186, 1.06873]",0,"[0, 25.13353, -31.55196]","[-47.5, 0, 0]","[2.4957, 23.0773, -32.4076]","[0.85602, 2.35186, 1.06873]",0,"[0, 25.13353, -31.55196]","[-47.5, 0, 0]","[2.24613, 19.86957, -27.36684]","[0.77042, 2.11667, 0.96186]",0,"[0, 21.72018, -26.59676]","[-47.5, 0, 0]","[2.99484, 28.89276, -38.88912]","[1.02722, 2.82223, 1.28248]",0,"[0, 31.36024, -37.86235]","[-47.5, 0, 0]","[2.60801, 24.11578, -33.86594]","[0.89454, 2.4577, 1.11682]",0,"[0, 26.26454, -32.9718]","[-47.5, 0, 0]","[2.99484, 26.69276, -38.88912]","[1.02722, 2.82223, 1.28248]",0,"[0, 29.16024, -37.86235]","[-47.5, 0, 0]","[1.99656, 17.46184, -25.92608]","[0.68482, 1.88149, 0.85498]",0,"[0, 19.10682, -25.24157]","[-47.5, 0, 0]","[1.99656, 18.46184, -25.92608]","[0.68482, 1.88149, 0.85498]",0,"[0, 20.10682, -25.24157]","[-47.5, 0, 0]","[2.37091, 21.92344, -30.78722]","[0.81322, 2.23427, 1.01529]",0,"[0, 23.87685, -29.97436]","[-47.5, 0, 0]","[2.62049, 24.23117, -34.02798]","[0.89882, 2.46945, 1.12217]",0,"[0, 26.39021, -33.12956]","[-47.5, 0, 0]","[1.68459, 14.31718, -21.20013]","[0.57782, 1.5875, 0.7214]",0,"[0, 15.70513, -20.62257]","[-47.5, 0, 0]","[2.4957, 23.6773, -32.6076]","[0.85602, 2.35186, 1.06873]",0,"[0, 25.73353, -31.75196]","[-47.5, 0, 0]","[2.4957, 23.0773, -32.4076]","[0.85602, 2.35186, 1.06873]",0,"[0, 25.13353, -31.55196]","[-47.5, 0, 0]","[2.74527, 24.38503, -35.64836]","[0.94162, 2.58705, 1.1756]",0,"[0, 26.64688, -34.70716]","[-47.5, 0, 0]"
saddle2_c3,cube,saddle2,saddle2_c3,3,saddle2,"[-3.35172, 23.0773, -32.4076]","[0.85602, 2.35186, 1.06873]",0,"[0, 25.13353, -31.55196]","[-47.5, 0, 0]","[-3.35172, 23.0773, -32.4076]","[0.85602, 2.35186, 1.06873]",0,"[0, 25.13353, -31.55196]","[-47.5, 0, 0]","[-3.61986, 24.92348, -35.00021]","[0.9245, 2.54001, 1.15423]",0,"[0, 27.14421, -34.07612]","[-47.5, 0, 0]","[-3.18413, 20.97344, -29.83722]","[0.81322, 2.23426, 1.01529]",0,"[0, 22.92685, -29.02436]","[-47.5, 0, 0]","[-3.68689, 25.38503, -35.64836]","[0.94162, 2.58705, 1.1756]",0,"[0, 27.64688, -34.70716]","[-47.5, 0, 0]","[-3.68689, 26.48503, -35.64836]","[0.94162, 2.58705, 1.1756]",0,"[0, 28.74688, -34.70716]","[-47.5, 0, 0]","[-3.35172, 22.0773, -32.4076]","[0.85602, 2.35186, 1.06873]",0,"[0, 24.13353, -31.55196]","[-47.5, 0, 0]","[-3.35172, 23.0773, -32.4076]","[0.85602, 2.35186, 1.06873]",0,"[0, 25.13353, -31.55196]","[-47.5, 0, 0]","[-4.01201, 27.62353, -38.7919]","[1.02466, 2.81517, 1.27927]",0,"[0, 30.08484, -37.7677]","[-47.5, 0, 0]","[-3.35172, 23.0773, -32.4076]","[0.85602, 2.35186, 1.06873]",0,"[0, 25.13353, -31.55196]","[-47.5, 0, 0]","[-3.35172, 23.0773, -32.4076]","[0.85602, 2.35186, 1.06873]",0,"[0, 25.13353, -31.55196]","[-47.5, 0, 0]","[-3.01655, 19.86957, -27.36684]","[0.77042, 2.11667, 0.96186]",0,"[0, 21.72018, -26.59676]","[-47.5, 0, 0]","[-4.02206, 28.89276, -38.88912]","[1.02722, 2.82223, 1.28248]",0,"[0, 31.36024, -37.86235]","[-47.5, 0, 0]","[-3.50255, 24.11578, -33.86594]","[0.89454, 2.4577, 1.11682]",0,"[0, 26.26454, -32.9718]","[-47.5, 0, 0]","[-4.02206, 26.69276, -38.88912]","[1.02722, 2.82223, 1.28248]",0,"[0, 29.16024, -37.86235]","[-47.5, 0, 0]","[-2.68138, 17.46184, -25.92608]","[0.68482, 1.88149, 0.85498]",0,"[0, 19.10682, -25.24157]","[-47.5, 0, 0]","[-2.68138, 18.46184, -25.92608]","[0.68482, 1.88149, 0.85498]",0,"[0, 20.10682, -25.24157]","[-47.5, 0, 0]","[-3.18413, 21.92344, -30.78722]","[0.81322, 2.23427, 1.01529]",0,"[0, 23.87685, -29.97436]","[-47.5, 0, 0]","[-3.51931, 24.23117, -34.02798]","[0.89882, 2.46945, 1.12217]",0,"[0, 26.39021, -33.12956]","[-47.5, 0, 0]","[-2.26241, 14.31718, -21.20013]","[0.57781, 1.5875, 0.7214]",0,"[0, 15.70513, -20.62257]","[-47.5, 0, 0]","[-3.35172, 23.6773, -32.6076]","[0.85602, 2.35186, 1.06873]",0,"[0, 25.73353, -31.75196]","[-47.5, 0, 0]","[-3.35172, 23.0773, -32.4076]","[0.85602, 2.35186, 1.06873]",0,"[0, 25.13353, -31.55196]","[-47.5, 0, 0]","[-3.68689, 24.38503, -35.64836]","[0.94162, 2.58705, 1.1756]",0,"[0, 26.64688, -34.70716]","[-47.5, 0, 0]"
reins,bone,reins,,,saddle2,,,,"[0, 23.1739, -32.06571]","[-27.5, 0, 0]",,,,"[0, 23.1739, -32.06571]","[-27.5, 0, 0]",,,,"[0, 25.02781, -34.63097]","[-27.5, 0, 0]",,,,"[0, 21.06521, -29.51242]","[-27.5, 0, 0]",,,,"[0, 25.49129, -35.27228]","[-27.5, 0, 0]",,,,"[0, 26.59129, -35.27228]","[-27.5, 0, 0]",,,,"[0, 22.1739, -32.06571]","[-27.5, 0, 0]",,,,"[0, 23.1739, -32.06571]","[-27.5, 0, 0]",,,,"[0, 27.73915, -38.38265]","[-27.5, 0, 0]",,,,"[0, 23.1739, -32.06571]","[-27.5, 0, 0]",,,,"[0, 23.1739, -32.06571]","[-27.5, 0, 0]",,,,"[0, 19.95651, -27.05914]","[-27.5, 0, 0]",,,,"[0, 29.00868, -38.47885]","[-27.5, 0, 0]",,,,"[0, 24.21673, -33.50867]","[-27.5, 0, 0]",,,,"[0, 26.80868, -38.47885]","[-25, 0, 0]",,,,"[0, 17.53912, -25.65257]","[-27.5, 0, 0]",,,,"[0, 18.53912, -25.65257]","[-27.5, 0, 0]",,,,"[0, 22.01521, -30.46242]","[-27.5, 0, 0]",,,,"[0, 24.3326, -33.669]","[-27.5, 0, 0]",,,,"[0, 14.38239, -20.96935]","[-27.5, 0, 0]",,,,"[0, 23.7739, -32.26571]","[-27.5, 0, 0]",,,,"[0, 23.1739, -32.06571]","[-27.5, 0, 0]",,,,"[0, 24.49129, -35.27228]","[-27.5, 0, 0]"
right,bone,right,,,reins,,,,"[3.27021, 23.22981, -32.8435]","[-2.5, 0, 0]",,,,"[3.27021, 23.22981, -32.8435]","[-2.5, 0, 0]",,,,"[3.53183, 25.08819, -35.47098]","[-2.5, 0, 0]",,,,"[3.1067, 21.11832, -30.25132]","[-2.5, 0, 0]",,,,"[3.59723, 25.55279, -36.12785]","[-2.5, 0, 0]",,,,"[3.59723, 26.65279, -36.12785]","[-2.5, 0, 0]",,,,"[3.27021, 22.22981, -32.8435]","[-2.5, 0, 0]",,,,"[3.27021, 23.22981, -32.8435]","[-2.5, 0, 0]",,,,"[3.91444, 27.80608, -39.31367]","[-2.5, 0, 0]",,,,"[3.27021, 23.22981, -32.8435]","[-2.5, 0, 0]",,,,"[3.27021, 23.22981, -32.8435]","[-2.5, 0, 0]",,,,"[2.94319, 20.00683, -27.75915]","[-2.5, 0, 0]",,,,"[3.92425, 29.07577, -39.4122]","[-2.5, 0, 0]",,,,"[3.41737, 24.27515, -34.32146]","[-2.5, 0, 0]",,,,"[3.92425, 26.87577, -39.4122]","[-2.5, 0, 0]",,,,"[2.61617, 17.58385, -26.2748]","[-2.5, 0, 0]",,,,"[2.61617, 18.58385, -26.2748]","[-2.5, 0, 0]",,,,"[3.1067, 22.06832, -31.20132]","[-2.5, 0, 0]",,,,"[3.43372, 24.3913, -34.48567]","[-2.5, 0, 0]",,,,"[2.20739, 14.42012, -21.49436]","[-2.5, 0, 0]",,,,"[3.27021, 23.82981, -33.0435]","[-2.5, 0, 0]",,,,"[3.27021, 23.22981, -32.8435]","[-2.5, 0, 0]",,,,"[3.59723, 24.55279, -36.12785]","[-2.5, 0, 0]"
right_c1,cube,right,right_c1,1,right,"[3.26809, 20.70474, -32.61526]","[0.00425, 2.98418, 15.00159]",0.01,"[-0.60649, 22.8686, -32.5286]","[22.5, 0, 0]","[3.26809, 20.70474, -32.61526]","[0.00425, 2.98418, 15.00159]",0.01,"[-0.60649, 22.8686, -32.5286]","[22.5, 0, 0]","[3.52874, 22.36032, -35.22528]","[0.00619, 3.22451, 16.20332]",0.01,"[-0.65501, 24.69809, -35.13089]","[22.5, 0, 0]","[3.10519, 18.72, -30.034]","[0.00303, 2.83397, 14.25051]",0.01,"[-0.57617, 20.77517, -29.95217]","[22.5, 0, 0]","[3.5939, 22.77421, -35.87779]","[0.00667, 3.2846, 16.50375]",0.01,"[-0.66714, 25.15546, -35.78146]","[22.5, 0, 0]","[3.5939, 23.87421, -35.87779]","[0.00667, 3.2846, 16.50375]",0.01,"[-0.66714, 26.25546, -35.78146]","[22.5, 0, 0]","[3.26809, 19.70474, -32.61526]","[0.00425, 2.98418, 15.00159]",0.01,"[-0.60649, 21.8686, -32.5286]","[22.5, 0, 0]","[3.26809, 20.70474, -32.61526]","[0.00425, 2.98418, 15.00159]",0.01,"[-0.60649, 22.8686, -32.5286]","[22.5, 0, 0]","[3.90993, 24.7816, -39.04244]","[0.00903, 3.57601, 17.96085]",0.01,"[-0.72597, 27.37372, -38.93674]","[22.5, 0, 0]","[3.26809, 20.70474, -32.61526]","[0.00425, 2.98418, 15.00159]",0.01,"[-0.60649, 22.8686, -32.5286]","[22.5, 0, 0]","[3.26809, 20.70474, -32.61526]","[0.00425, 2.98418, 15.00159]",0.01,"[-0.60649, 22.8686, -32.5286]","[22.5, 0, 0]","[2.94228, 17.73527, -27.55273]","[0.00183, 2.68376, 13.49943]",0.01,"[-0.54584, 19.68174, -27.47574]","[22.5, 0, 0]","[3.91971, 26.04369, -39.14031]","[0.0091, 3.58501, 18.00591]",0.01,"[-0.72779, 28.64232, -39.03432]","[22.5, 0, 0]","[3.4147, 21.636, -34.0834]","[0.00534, 3.11937, 15.67756]",0.01,"[-0.63378, 23.89769, -33.99239]","[22.5, 0, 0]","[3.91971, 23.84369, -39.14031]","[0.0091, 3.58501, 18.00591]",0.01,"[-0.72779, 26.44232, -39.03432]","[22.5, 0, 0]","[2.61647, 15.56579, -26.09021]","[-0.0006, 2.38335, 11.99727]",0.01,"[-0.48519, 17.29488, -26.02288]","[22.5, 0, 0]","[2.61647, 16.56579, -26.09021]","[-0.0006, 2.38334, 11.99727]",0.01,"[-0.48519, 18.29488, -26.02288]","[22.5, 0, 0]","[3.10519, 19.67, -30.984]","[0.00304, 2.83397, 14.25051]",0.01,"[-0.57617, 21.72517, -30.90217]","[22.5, 0, 0]","[3.43099, 21.73948, -34.24652]","[0.00546, 3.13439, 15.75267]",0.01,"[-0.63681, 24.01203, -34.15503]","[22.5, 0, 0]","[2.20921, 12.71895, -21.33705]","[-0.00364, 2.00782, 10.11957]",0.01,"[-0.40938, 14.1763, -21.2818]","[22.5, 0, 0]","[3.26809, 21.30474, -32.81526]","[0.00425, 2.98418, 15.00159]",0.01,"[-0.60649, 23.4686, -32.7286]","[22.5, 0, 0]","[3.26809, 20.70474, -32.61526]","[0.00425, 2.98418, 15.00159]",0.01,"[-0.60649, 22.8686, -32.5286]","[22.5, 0, 0]","[3.5939, 21.77421, -35.87779]","[0.00667, 3.2846, 16.50375]",0.01,"[-0.66714, 24.15546, -35.78146]","[22.5, 0, 0]"
bone3,bone,bone3,,,right,,,,"[3.27021, 27.39861, -18.10064]",,,,,"[3.27021, 27.39861, -18.10064]",,,,,"[3.53183, 29.5905, -19.54869]",,,,,"[3.1067, 25.07868, -16.24561]",,,,,"[3.59723, 30.13847, -19.9107]",,,,,"[3.59723, 31.23847, -19.9107]",,,,,"[3.27021, 26.39861, -18.10064]",,,,,"[3.27021, 27.39861, -18.10064]",,,,,"[3.91444, 32.79614, -21.66647]",,,,,"[3.27021, 27.39861, -18.10064]",,,,,"[3.27021, 27.39861, -18.10064]",,,,,"[2.94319, 23.75875, -14.49058]",,,,,"[3.92425, 34.07833, -21.72077]",,,,,"[3.41737, 28.63155, -18.91516]",,,,,"[3.92425, 31.87833, -21.72077]",,,,,"[2.61617, 20.91889, -14.48051]",,,,,"[2.61617, 21.91889, -14.48051]",,,,,"[3.1067, 26.02868, -17.19561]",,,,,"[3.43372, 28.76854, -19.00567]",,,,,"[2.20739, 17.23406, -11.54293]",,,,,"[3.27021, 27.99861, -18.30064]",,,,,"[3.27021, 27.39861, -18.10064]",,,,,"[3.59723, 29.13847, -19.9107]",
bone3_c1,cube,bone3,bone3_c1,1,bone3,"[3.26809, 27.3415, -19.21836]","[0.00425, 2.98419, 13.9309]",0.01,"[-0.60649, 29.39653, -17.044]","[27.5, 0, 0]","[3.26809, 27.3415, -19.21836]","[0.00425, 2.98419, 13.9309]",0.01,"[-0.60649, 29.39653, -17.044]","[27.5, 0, 0]","[3.52874, 29.52802, -20.75663]","[0.00619, 3.22453, 15.04697]",0.01,"[-0.65501, 31.74825, -18.40752]","[27.5, 0, 0]","[3.10519, 25.02493, -17.30694]","[0.00303, 2.83398, 13.23335]",0.01,"[-0.57617, 26.9767, -15.2418]","[27.5, 0, 0]","[3.5939, 30.07465, -21.1412]","[0.00667, 3.28461, 15.32599]",0.01,"[-0.66714, 32.33618, -18.7484]","[27.5, 0, 0]","[3.5939, 31.17465, -21.1412]","[0.00667, 3.28461, 15.32599]",0.01,"[-0.66714, 33.43618, -18.7484]","[27.5, 0, 0]","[3.26809, 26.3415, -19.21836]","[0.00425, 2.98419, 13.9309]",0.01,"[-0.60649, 28.39653, -17.044]","[27.5, 0, 0]","[3.26809, 27.3415, -19.21836]","[0.00425, 2.98419, 13.9309]",0.01,"[-0.60649, 29.39653, -17.044]","[27.5, 0, 0]","[3.90993, 32.72581, -23.00634]","[0.00903, 3.57601, 16.67922]",0.01,"[-0.72597, 35.18765, -20.40167]","[27.5, 0, 0]","[3.26809, 27.3415, -19.21836]","[0.00425, 2.98419, 13.9309]",0.01,"[-0.60649, 29.39653, -17.044]","[27.5, 0, 0]","[3.26809, 27.3415, -19.21836]","[0.00425, 2.98419, 13.9309]",0.01,"[-0.60649, 29.39653, -17.044]","[27.5, 0, 0]","[2.94228, 23.70835, -15.49552]","[0.00183, 2.68377, 12.53581]",0.01,"[-0.54584, 25.55688, -13.5396]","[27.5, 0, 0]","[3.91971, 34.0078, -23.06403]","[0.0091, 3.58503, 16.72108]",0.01,"[-0.72779, 36.47584, -20.4528]","[27.5, 0, 0]","[3.4147, 28.57142, -20.08364]","[0.00534, 3.11938, 14.55869]",0.01,"[-0.63378, 30.71937, -17.81098]","[27.5, 0, 0]","[3.91971, 31.8078, -23.06403]","[0.0091, 3.58503, 16.72108]",0.01,"[-0.72779, 34.27584, -20.4528]","[27.5, 0, 0]","[2.61647, 20.8752, -15.37269]","[-0.0006, 2.38335, 11.14072]",0.01,"[-0.48519, 22.51722, -13.6352]","[27.5, 0, 0]","[2.61647, 21.8752, -15.37269]","[-0.0006, 2.38335, 11.14072]",0.01,"[-0.48519, 23.51722, -13.6352]","[27.5, 0, 0]","[3.10519, 25.97493, -18.25694]","[0.00304, 2.83398, 13.23336]",0.01,"[-0.57617, 27.9267, -16.1918]","[27.5, 0, 0]","[3.43099, 28.70808, -20.17978]","[0.00546, 3.1344, 14.62845]",0.01,"[-0.63681, 30.86636, -17.8962]","[27.5, 0, 0]","[2.20921, 17.19876, -12.29414]","[-0.00364, 2.00784, 9.39686]",0.01,"[-0.40938, 18.58266, -10.8297]","[27.5, 0, 0]","[3.26809, 27.9415, -19.41836]","[0.00425, 2.98419, 13.9309]",0.01,"[-0.60649, 29.99653, -17.244]","[27.5, 0, 0]","[3.26809, 27.3415, -19.21836]","[0.00425, 2.98419, 13.9309]",0.01,"[-0.60649, 29.39653, -17.044]","[27.5, 0, 0]","[3.5939, 29.07465, -21.1412]","[0.00667, 3.28461, 15.32599]",0.01,"[-0.66714, 31.33618, -18.7484]","[27.5, 0, 0]"
left,bone,left,,,reins,,,,"[-3.27021, 23.22981, -32.8435]","[-2.5, 0, 0]",,,,"[-3.27021, 23.22981, -32.8435]","[-2.5, 0, 0]",,,,"[-3.53183, 25.08819, -35.47098]","[-2.5, 0, 0]",,,,"[-3.1067, 21.11832, -30.25132]","[-2.5, 0, 0]",,,,"[-3.59723, 25.55279, -36.12785]","[-2.5, 0, 0]",,,,"[-3.59723, 26.65279, -36.12785]","[-2.5, 0, 0]",,,,"[-3.27021, 22.22981, -32.8435]","[-2.5, 0, 0]",,,,"[-3.27021, 23.22981, -32.8435]","[-2.5, 0, 0]",,,,"[-3.91444, 27.80608, -39.31367]","[-2.5, 0, 0]",,,,"[-3.27021, 23.22981, -32.8435]","[-2.5, 0, 0]",,,,"[-3.27021, 23.22981, -32.8435]","[-2.5, 0, 0]",,,,"[-2.94319, 20.00683, -27.75915]","[-2.5, 0, 0]",,,,"[-3.92425, 29.07577, -39.4122]","[-2.5, 0, 0]",,,,"[-3.41737, 24.27515, -34.32146]","[-2.5, 0, 0]",,,,"[-3.92425, 26.87577, -39.4122]","[-2.5, 0, 0]",,,,"[-2.61617, 17.58385, -26.2748]","[-2.5, 0, 0]",,,,"[-2.61617, 18.58385, -26.2748]","[-2.5, 0, 0]",,,,"[-3.1067, 22.06832, -31.20132]","[-2.5, 0, 0]",,,,"[-3.43372, 24.3913, -34.48567]","[-2.5, 0, 0]",,,,"[-2.20739, 14.42012, -21.49436]","[-2.5, 0, 0]",,,,"[-3.27021, 23.82981, -33.0435]","[-2.5, 0, 0]",,,,"[-3.27021, 23.22981, -32.8435]","[-2.5, 0, 0]",,,,"[-3.59723, 24.55279, -36.12785]","[-2.5, 0, 0]"
left_c1,cube,left,left_c1,1,left,"[-3.27234, 20.70474, -32.61526]","[0.00425, 2.98418, 15.00159]",0.01,"[0.60649, 22.8686, -32.5286]","[22.5, 0, 0]","[-3.27234, 20.70474, -32.61526]","[0.00425, 2.98418, 15.00159]",0.01,"[0.60649, 22.8686, -32.5286]","[22.5, 0, 0]","[-3.53493, 22.36032, -35.22528]","[0.00619, 3.22451, 16.20332]",0.01,"[0.65501, 24.69809, -35.13089]","[22.5, 0, 0]","[-3.10822, 18.72, -30.034]","[0.00303, 2.83397, 14.25051]",0.01,"[0.57617, 20.77517, -29.95217]","[22.5, 0, 0]","[-3.60057, 22.77421, -35.87779]","[0.00667, 3.2846, 16.50375]",0.01,"[0.66714, 25.15546, -35.78146]","[22.5, 0, 0]","[-3.60057, 23.87421, -35.87779]","[0.00667, 3.2846, 16.50375]",0.01,"[0.66714, 26.25546, -35.78146]","[22.5, 0, 0]","[-3.27234, 19.70474, -32.61526]","[0.00425, 2.98418, 15.00159]",0.01,"[0.60649, 21.8686, -32.5286]","[22.5, 0, 0]","[-3.27234, 20.70474, -32.61526]","[0.00425, 2.98418, 15.00159]",0.01,"[0.60649, 22.8686, -32.5286]","[22.5, 0, 0]","[-3.91896, 24.7816, -39.04244]","[0.00903, 3.57601, 17.96085]",0.01,"[0.72597, 27.37372, -38.93674]","[22.5, 0, 0]","[-3.27234, 20.70474, -32.61526]","[0.00425, 2.98418, 15.00159]",0.01,"[0.60649, 22.8686, -32.5286]","[22.5, 0, 0]","[-3.27234, 20.70474, -32.61526]","[0.00425, 2.98418, 15.00159]",0.01,"[0.60649, 22.8686, -32.5286]","[22.5, 0, 0]","[-2.94411, 17.73527, -27.55273]","[0.00183, 2.68376, 13.49943]",0.01,"[0.54584, 19.68174, -27.47574]","[22.5, 0, 0]","[-3.92881, 26.04369, -39.14031]","[0.0091, 3.58501, 18.00591]",0.01,"[0.72779, 28.64232, -39.03432]","[22.5, 0, 0]","[-3.42004, 21.636, -34.0834]","[0.00533, 3.11937, 15.67756]",0.01,"[0.63378, 23.89769, -33.99239]","[22.5, 0, 0]","[-3.92881, 23.84369, -39.14031]","[0.0091, 3.58501, 18.00591]",0.01,"[0.72779, 26.44232, -39.03432]","[22.5, 0, 0]","[-2.61587, 15.56579, -26.09021]","[-0.0006, 2.38335, 11.99727]",0.01,"[0.48519, 17.29488, -26.02288]","[22.5, 0, 0]","[-2.61587, 16.56579, -26.09021]","[-0.0006, 2.38334, 11.99727]",0.01,"[0.48519, 18.29488, -26.02288]","[22.5, 0, 0]","[-3.10822, 19.67, -30.984]","[0.00304, 2.83397, 14.25051]",0.01,"[0.57617, 21.72517, -30.90217]","[22.5, 0, 0]","[-3.43646, 21.73948, -34.24652]","[0.00546, 3.13439, 15.75267]",0.01,"[0.63681, 24.01203, -34.15503]","[22.5, 0, 0]","[-2.20558, 12.71895, -21.33705]","[-0.00363, 2.00782, 10.11957]",0.01,"[0.40938, 14.1763, -21.2818]","[22.5, 0, 0]","[-3.27234, 21.30474, -32.81526]","[0.00425, 2.98418, 15.00159]",0.01,"[0.60649, 23.4686, -32.7286]","[22.5, 0, 0]","[-3.27234, 20.70474, -32.61526]","[0.00425, 2.98418, 15.00159]",0.01,"[0.60649, 22.8686, -32.5286]","[22.5, 0, 0]","[-3.60057, 21.77421, -35.87779]","[0.00667, 3.2846, 16.50375]",0.01,"[0.66714, 24.15546, -35.78146]","[22.5, 0, 0]"
bone2,bone,bone2,,,left,,,,"[-3.27021, 27.39861, -18.10064]",,,,,"[-3.27021, 27.39861, -18.10064]",,,,,"[-3.53183, 29.5905, -19.54869]",,,,,"[-3.1067, 25.07868, -16.24561]",,,,,"[-3.59723, 30.13847, -19.9107]",,,,,"[-3.59723, 31.23847, -19.9107]",,,,,"[-3.27021, 26.39861, -18.10064]",,,,,"[-3.27021, 27.39861, -18.10064]",,,,,"[-3.91444, 32.79614, -21.66647]",,,,,"[-3.27021, 27.39861, -18.10064]",,,,,"[-3.27021, 27.39861, -18.10064]",,,,,"[-2.94319, 23.75875, -14.49058]",,,,,"[-3.92425, 34.07833, -21.72077]",,,,,"[-3.41737, 28.63155, -18.91516]",,,,,"[-3.92425, 31.87833, -21.72077]",,,,,"[-2.61617, 20.91889, -14.48051]",,,,,"[-2.61617, 21.91889, -14.48051]",,,,,"[-3.1067, 26.02868, -17.19561]",,,,,"[-3.43372, 28.76854, -19.00567]",,,,,"[-2.20739, 17.23406, -11.54293]",,,,,"[-3.27021, 27.99861, -18.30064]",,,,,"[-3.27021, 27.39861, -18.10064]",,,,,"[-3.59723, 29.13847, -19.9107]",
bone2_c1,cube,bone2,bone2_c1,1,bone2,"[-3.27234, 27.3415, -19.21836]","[0.00425, 2.98419, 13.9309]",0.01,"[0.60649, 29.39653, -17.044]","[27.5, 0, 0]","[-3.27234, 27.3415, -19.21836]","[0.00425, 2.98419, 13.9309]",0.01,"[0.60649, 29.39653, -17.044]","[27.5, 0, 0]","[-3.53493, 29.52802, -20.75663]","[0.00619, 3.22453, 15.04697]",0.01,"[0.65501, 31.74825, -18.40752]","[27.5, 0, 0]","[-3.10822, 25.02493, -17.30694]","[0.00303, 2.83398, 13.23335]",0.01,"[0.57617, 26.9767, -15.2418]","[27.5, 0, 0]","[-3.60057, 30.07465, -21.1412]","[0.00667, 3.28461, 15.32599]",0.01,"[0.66714, 32.33618, -18.7484]","[27.5, 0, 0]","[-3.60057, 31.17465, -21.1412]","[0.00667, 3.28461, 15.32599]",0.01,"[0.66714, 33.43618, -18.7484]","[27.5, 0, 0]","[-3.27234, 26.3415, -19.21836]","[0.00425, 2.98419, 13.9309]",0.01,"[0.60649, 28.39653, -17.044]","[27.5, 0, 0]","[-3.27234, 27.3415, -19.21836]","[0.00425, 2.98419, 13.9309]",0.01,"[0.60649, 29.39653, -17.044]","[27.5, 0, 0]","[-3.91896, 32.72581, -23.00634]","[0.00903, 3.57601, 16.67922]",0.01,"[0.72597, 35.18765, -20.40167]","[27.5, 0, 0]","[-3.27234, 27.3415, -19.21836]","[0.00425, 2.98419, 13.9309]",0.01,"[0.60649, 29.39653, -17.044]","[27.5, 0, 0]","[-3.27234, 27.3415, -19.21836]","[0.00425, 2.98419, 13.9309]",0.01,"[0.60649, 29.39653, -17.044]","[27.5, 0, 0]","[-2.94411, 23.70835, -15.49552]","[0.00183, 2.68377, 12.53581]",0.01,"[0.54584, 25.55688, -13.5396]","[27.5, 0, 0]","[-3.92881, 34.0078, -23.06403]","[0.0091, 3.58503, 16.72108]",0.01,"[0.72779, 36.47584, -20.4528]","[27.5, 0, 0]","[-3.42004, 28.57142, -20.08364]","[0.00533, 3.11938, 14.55869]",0.01,"[0.63378, 30.71937, -17.81098]","[27.5, 0, 0]","[-3.92881, 31.8078, -23.06403]","[0.0091, 3.58503, 16.72108]",0.01,"[0.72779, 34.27584, -20.4528]","[27.5, 0, 0]","[-2.61587, 20.8752, -15.37269]","[-0.0006, 2.38335, 11.14072]",0.01,"[0.48519, 22.51722, -13.6352]","[27.5, 0, 0]","[-2.61587, 21.8752, -15.37269]","[-0.0006, 2.38335, 11.14072]",0.01,"[0.48519, 23.51722, -13.6352]","[27.5, 0, 0]","[-3.10822, 25.97493, -18.25694]","[0.00304, 2.83398, 13.23336]",0.01,"[0.57617, 27.9267, -16.1918]","[27.5, 0, 0]","[-3.43646, 28.70808, -20.17978]","[0.00546, 3.1344, 14.62845]",0.01,"[0.63681, 30.86636, -17.8962]","[27.5, 0, 0]","[-2.20558, 17.19876, -12.29414]","[-0.00363, 2.00784, 9.39686]",0.01,"[0.40938, 18.58266, -10.8297]","[27.5, 0, 0]","[-3.27234, 27.9415, -19.41836]","[0.00425, 2.98419, 13.9309]",0.01,"[0.60649, 29.99653, -17.244]","[27.5, 0, 0]","[-3.27234, 27.3415, -19.21836]","[0.00425, 2.98419, 13.9309]",0.01,"[0.60649, 29.39653, -17.044]","[27.5, 0, 0]","[-3.60057, 29.07465, -21.1412]","[0.00667, 3.28461, 15.32599]",0.01,"[0.66714, 31.33618, -18.7484]","[27.5, 0, 0]"
right_ear,bone,right_ear,,,head,,,,"[-1.84013, 30.70196, -23.9065]",,,,,"[-1.84013, 30.70196, -23.9065]",,,,,"[-1.98734, 33.35812, -25.81902]",,,,,"[-1.74812, 28.21686, -21.76117]",,,,,"[-2.02414, 33.77216, -26.29715]",,,,,"[-2.02414, 34.87216, -26.29715]",,,,,"[-1.84013, 29.70196, -23.9065]",,,,,"[-1.84013, 30.70196, -23.9065]",,,,,"[-2.20263, 37.05025, -28.61608]",,,,,"[-1.84013, 30.70196, -23.9065]",,,,,"[-1.74013, 30.60196, -23.9065]","[0, 0, -5]",,,,"[-1.65612, 26.73176, -19.71585]",,,,,"[-2.20816, 38.04235, -28.6878]",,,,,"[-1.92293, 32.08355, -24.98229]",,,,,"[-2.20816, 35.84235, -28.6878]",,,,,"[-1.4721, 23.56157, -19.1252]",,,,,"[-1.4721, 24.56157, -19.1252]",,,,,"[-1.74812, 29.16686, -22.71117]",,,,,"[-1.93214, 32.23706, -25.10182]",,,,,"[-1.24209, 19.46382, -15.46189]",,,,,"[-1.84013, 31.30196, -24.1065]",,,,,"[-1.84013, 30.70196, -23.9065]",,,,,"[-2.02414, 32.77216, -26.29715]",
right_ear_c1,cube,right_ear,right_ear_c1,1,right_ear,"[-3.02731, 31.01685, -24.50009]","[2.37436, 3.56155, 1.18718]",0,,,"[-3.02731, 31.01685, -24.50009]","[2.37436, 3.56155, 1.18718]",0,,,"[-3.26949, 33.8982, -26.4601]","[2.5643, 3.84647, 1.28216]",0,,,"[-2.87594, 28.51601, -22.32509]","[2.25564, 3.38347, 1.12783]",0,,,"[-3.33004, 34.11854, -26.9501]","[2.61179, 3.9177, 1.3059]",0,,,"[-3.33004, 35.21854, -26.9501]","[2.61179, 3.9177, 1.3059]",0,,,"[-3.02731, 30.01685, -24.50009]","[2.37436, 3.56155, 1.18718]",0,,,"[-3.02731, 31.01685, -24.50009]","[2.37436, 3.56155, 1.18718]",0,,,"[-3.62369, 37.42717, -29.3266]","[2.84211, 4.26317, 1.42104]",0,,,"[-3.02731, 31.01685, -24.50009]","[2.37436, 3.56155, 1.18718]",0,,,"[-2.92731, 30.91685, -24.50009]","[2.37436, 1.96155, 1.18718]",0,,,"[-2.72458, 27.01517, -20.25008]","[2.13692, 3.20539, 1.06846]",0,,,"[-3.63277, 38.42022, -29.40011]","[2.84923, 4.27386, 1.42462]",0,,,"[-3.16354, 32.41261, -25.60259]","[2.4812, 3.72182, 1.2406]",0,,,"[-3.63277, 36.22022, -29.40011]","[2.84923, 4.27386, 1.42462]",0,,,"[-2.42185, 23.81348, -19.60007]","[1.89949, 2.84924, 0.94974]",0,,,"[-2.42185, 24.81348, -19.60007]","[1.89949, 2.84924, 0.94974]",0,,,"[-2.87594, 29.46601, -23.27509]","[2.25564, 3.38347, 1.12782]",0,,,"[-3.17868, 32.56769, -25.72509]","[2.49308, 3.73963, 1.24654]",0,,,"[-2.04343, 19.67638, -15.86256]","[1.60269, 2.40404, 0.80135]",0,,,"[-3.02731, 31.61685, -24.70009]","[2.37436, 3.56155, 1.18718]",0,,,"[-3.02731, 31.01685, -24.50009]","[2.37436, 3.56155, 1.18718]",0,,,"[-3.33004, 33.11854, -26.9501]","[2.6118, 3.91771, 1.3059]",0,,
left_ear,bone,left_ear,,,head,,,,"[1.84013, 30.70196, -23.9065]",,,,,"[1.84013, 30.70196, -23.9065]",,,,,"[1.98734, 33.35812, -25.81902]",,,,,"[1.74812, 28.21686, -21.76117]",,,,,"[2.02414, 33.77216, -26.29715]",,,,,"[2.02414, 34.87216, -26.29715]",,,,,"[1.84013, 29.70196, -23.9065]",,,,,"[1.84013, 30.70196, -23.9065]",,,,,"[2.20263, 37.05025, -28.61608]",,,,,"[1.84013, 30.70196, -23.9065]",,,,,"[1.74013, 30.60196, -23.9065]","[0, 0, 5]",,,,"[1.65612, 26.73176, -19.71585]",,,,,"[2.20816, 38.04235, -28.6878]",,,,,"[1.92293, 32.08355, -24.98229]",,,,,"[2.20816, 35.84235, -28.6878]",,,,,"[1.4721, 23.56157, -19.1252]",,,,,"[1.4721, 24.56157, -19.1252]",,,,,"[1.74812, 29.16686, -22.71117]",,,,,"[1.93214, 32.23706, -25.10182]",,,,,"[1.24209, 19.46382, -15.46189]",,,,,"[1.84013, 31.30196, -24.1065]",,,,,"[1.84013, 30.70196, -23.9065]",,,,,"[2.02414, 32.77216, -26.29715]",
left_ear_c1,cube,left_ear,left_ear_c1,1,left_ear,"[0.65295, 31.01685, -24.50009]","[2.37436, 3.56155, 1.18718]",0,,,"[0.65295, 31.01685, -24.50009]","[2.37436, 3.56155, 1.18718]",0,,,"[0.70519, 33.8982, -26.4601]","[2.5643, 3.84647, 1.28216]",0,,,"[0.6203, 28.51601, -22.32509]","[2.25564, 3.38347, 1.12783]",0,,,"[0.71825, 34.11854, -26.9501]","[2.61179, 3.9177, 1.3059]",0,,,"[0.71825, 35.21854, -26.9501]","[2.61179, 3.9177, 1.3059]",0,,,"[0.65295, 30.01685, -24.50009]","[2.37436, 3.56155, 1.18718]",0,,,"[0.65295, 31.01685, -24.50009]","[2.37436, 3.56155, 1.18718]",0,,,"[0.78158, 37.42717, -29.3266]","[2.84211, 4.26317, 1.42104]",0,,,"[0.65295, 31.01685, -24.50009]","[2.37436, 3.56155, 1.18718]",0,,,"[0.55295, 30.91685, -24.50009]","[2.37436, 1.96155, 1.18718]",0,,,"[0.58766, 27.01517, -20.25008]","[2.13692, 3.20539, 1.06846]",0,,,"[0.78354, 38.42022, -29.40011]","[2.84923, 4.27386, 1.42462]",0,,,"[0.68234, 32.41261, -25.60259]","[2.4812, 3.72182, 1.2406]",0,,,"[0.78354, 36.22022, -29.40011]","[2.84923, 4.27386, 1.42462]",0,,,"[0.52236, 23.81348, -19.60007]","[1.89949, 2.84924, 0.94974]",0,,,"[0.52236, 24.81348, -19.60007]","[1.89949, 2.84924, 0.94974]",0,,,"[0.6203, 29.46601, -23.27509]","[2.25564, 3.38347, 1.12782]",0,,,"[0.6856, 32.56769, -25.72509]","[2.49308, 3.73963, 1.24654]",0,,,"[0.44074, 19.67638, -15.86256]","[1.60269, 2.40404, 0.80135]",0,,,"[0.65295, 31.61685, -24.70009]","[2.37436, 3.56155, 1.18718]",0,,,"[0.65295, 31.01685, -24.50009]","[2.37436, 3.56155, 1.18718]",0,,,"[0.71825, 33.11854, -26.9501]","[2.6118, 3.91771, 1.3059]",0,,
mouth,bone,mouth,,,head,,,,"[0, 28.46818, -30.83711]","[-5, 0, 0]",,,,"[0, 28.46818, -30.83711]","[-5, 0, 0]",,,,"[0, 30.74563, -33.73608]","[5, 0, 0]",,,,"[0, 26.09477, -28.34525]","[-5, 0, 0]",,,,"[0, 31.315, -33.92082]","[-5, 0, 0]",,,,"[0, 32.415, -33.92082]","[-2.5, 0, 0]",,,,"[0, 27.46818, -30.83711]","[-5, 0, 0]",,,,"[0, 28.46818, -30.83711]","[-5, 0, 0]",,,,"[0, 34.07641, -37.38702]","[-2.5, 0, 0]",,,,"[0, 28.49318, -30.93711]","[-2.5, 0, 0]",,,,"[0, 28.46818, -30.83711]","[-5, 0, 0]",,,,"[0, 24.72136, -25.9534]","[-5, 0, 0]",,,,"[0, 35.36182, -37.50453]",,,,,"[0, 29.74925, -32.22478]","[-7.5, 0, 0]",,,,"[0, 33.16182, -37.40453]",,,,,"[0, 21.77454, -24.66969]","[-7.5, 0, 0]",,,,"[0, 22.77454, -24.66969]","[-5, 0, 0]",,,,"[0, 27.04477, -29.29525]","[-5, 0, 0]",,,,"[0, 29.89159, -32.37897]","[-5, 0, 0]",,,,"[0, 17.95602, -20.14005]","[-5, 0, 0]",,,,"[0, 29.06818, -31.03711]","[-5, 0, 0]",,,,"[0, 28.46818, -30.83711]","[-5, 0, 0]",,,,"[0, 30.315, -33.92082]","[-5, 0, 0]"
mouth_c1,cube,mouth,mouth_c1,1,mouth,"[-2.73964, 25.6885, -35.62175]","[5.47928, 4.95829, 5.42405]",0,"[0, 27.36462, -32.96483]","[7.5, 0, 0]","[-2.73964, 25.4885, -35.42175]","[5.47928, 5.15829, 5.22405]",0,"[0, 27.36462, -32.96483]","[7.5, 0, 0]","[-2.95881, 28.01893, -38.98526]","[5.91762, 2.85379, 6.25797]",-0.01,"[0, 29.85379, -36.03402]","[2.5, 0, 0]","[-2.60266, 23.45408, -32.41566]","[5.20532, 4.71037, 4.67785]",0,"[0, 25.04639, -30.36659]","[7.5, 0, 0]","[-3.0136, 28.47735, -39.18392]","[6.0272, 5.30912, 5.73869]",0,"[0, 30.10108, -36.26131]","[7.5, 0, 0]","[-3.0136, 29.35735, -39.51392]","[6.0272, 5.45412, 6.29645]",0,"[0, 31.20108, -36.26131]","[7.5, 0, 0]","[-2.73964, 24.3885, -35.62175]","[5.47928, 5.25829, 5.42405]",0,"[0, 26.36462, -32.96483]","[7.5, 0, 0]","[-2.73964, 25.6885, -35.62175]","[5.47928, 4.95829, 5.42405]",0,"[0, 27.36462, -32.96483]","[7.5, 0, 0]","[-3.27935, 30.59913, -43.35424]","[6.5587, 3.48045, 6.6326]",-0.01,"[0, 32.90545, -39.93391]","[5, 0, 0]","[-2.73964, 25.7135, -35.52175]","[5.47928, 4.95829, 5.22405]",0,"[0, 27.38962, -33.06483]","[7.5, 0, 0]","[-2.73964, 25.6885, -35.62175]","[5.47928, 5.03329, 5.03517]",0,"[0, 27.36462, -32.96483]","[7.5, 0, 0]","[-2.46568, 22.21965, -30.25957]","[4.93136, 4.46246, 4.88164]",0,"[0, 23.72816, -27.86835]","[7.5, 0, 0]","[-3.28757, 31.9262, -43.2711]","[6.57514, 3.08754, 6.53386]",-0.01,"[0, 34.03754, -40.0578]","[5, 0, 0]","[-2.86292, 26.90348, -37.24972]","[5.72584, 4.97242, 5.35176]",0,"[0, 28.44603, -34.47324]","[12.5, 0, 0]","[-3.28757, 29.8262, -42.7461]","[6.57514, 5.94995, 6.10886]",0,"[0, 31.83754, -39.9578]","[7.5, 0, 0]","[-2.19171, 19.6258, -28.4974]","[4.38342, 4.01663, 4.33924]",0,"[0, 20.9667, -26.37186]","[5, 0, 0]","[-2.19171, 20.6708, -28.3374]","[4.38342, 3.96663, 4.17924]",0,"[0, 22.0117, -26.37186]","[5, 0, 0]","[-2.60266, 24.40408, -33.84066]","[5.20532, 4.71038, 4.55285]",0,"[0, 25.99639, -31.31659]","[10, 0, 0]","[-2.87662, 27.07793, -37.40284]","[5.75324, 5.1012, 5.17025]",0,"[0, 28.73285, -34.61307]","[10, 0, 0]","[-1.84926, 16.10881, -23.14885]","[3.69851, 3.34685, 3.66124]",0,"[0, 17.21111, -21.57626]","[7.5, 0, 0]","[-2.73964, 26.2885, -35.82175]","[5.47928, 4.95829, 4.82405]",0,"[0, 27.96462, -33.16483]","[10, 0, 0]","[-2.73964, 25.7885, -35.62175]","[5.47928, 4.85829, 5.42405]",0,"[0, 27.36462, -32.96483]","[7.5, 0, 0]","[-3.0136, 27.25735, -39.18392]","[6.02721, 5.45412, 5.26645]",0,"[0, 29.10108, -36.26131]","[10, 0, 0]"
jaw,bone,jaw,,,mouth,,,,"[0, 25.53818, -30.22519]",,,,,"[0, 25.53818, -30.22519]",,,,,"[0, 27.58123, -33.07521]","[-5, 0, 0]",,,,"[0, 23.31127, -27.76393]",,,,,"[0, 28.092, -33.24771]",,,,,"[0, 29.192, -33.24771]",,,,,"[0, 24.53818, -30.22519]",,,,,"[0, 25.53818, -30.22519]",,,,,"[0, 30.5692, -36.65455]",,,,,"[0, 25.56318, -30.32519]",,,,,"[0, 25.53818, -30.22519]",,,,,"[0, 22.08436, -25.40267]",,,,,"[0, 31.84582, -36.77023]",,,,,"[0, 26.6874, -31.58532]",,,,,"[0, 29.64582, -36.67023]",,,,,"[0, 19.43054, -24.18015]",,,,,"[0, 20.43054, -24.18015]",,,,,"[0, 24.26127, -28.71393]",,,,,"[0, 26.81509, -31.73645]",,,,,"[0, 15.97827, -19.727]",,,,,"[0, 26.13818, -30.42519]",,,,,"[0, 25.53818, -30.22519]",,,,,"[0, 27.092, -33.24771]",
jaw_c1,cube,jaw,jaw_c1,1,jaw,"[-2.23737, 25.02041, -34.89728]","[4.47474, 1.66205, 5.30532]",0,"[0, 25.53818, -30.22519]","[15, 0, 0]","[-2.23737, 24.82041, -34.69728]","[4.47474, 1.66205, 5.10532]",0,"[0, 25.53818, -30.22519]","[15, 0, 0]","[-2.41636, 27.02204, -38.6199]","[4.83272, 1.89502, 5.94574]",0,"[0, 27.58123, -33.07521]","[12.5, 0, 0]","[-2.1255, 23.00939, -31.72742]","[4.251, 1.38895, 4.56506]",0,"[0, 23.31127, -27.76393]","[15, 0, 0]","[-2.46111, 27.74245, -38.38701]","[4.92222, 1.82826, 5.83585]",0,"[0, 28.092, -33.24771]","[15, 0, 0]","[-2.46111, 28.62245, -38.71701]","[4.92222, 1.82826, 6.16585]",0,"[0, 29.192, -33.24771]","[15, 0, 0]","[-2.23737, 23.72041, -34.89728]","[4.47474, 1.96205, 5.30532]",0,"[0, 24.53818, -30.22519]","[15, 0, 0]","[-2.23737, 25.02041, -34.89728]","[4.47474, 1.66205, 5.30532]",0,"[0, 25.53818, -30.22519]","[15, 0, 0]","[-2.67814, 29.85443, -42.43704]","[5.35628, 2.03448, 6.54046]",0,"[0, 30.5692, -36.65455]","[15, 0, 0]","[-2.23737, 25.34541, -34.79728]","[4.47474, 1.36205, 5.10532]",0,"[0, 25.56318, -30.32519]","[15, 0, 0]","[-2.23737, 25.22041, -34.99728]","[4.47474, 1.46205, 5.40532]",0,"[0, 25.53818, -30.22519]","[15, 0, 0]","[-2.01363, 21.61837, -29.60755]","[4.02726, 1.49584, 4.77479]",0,"[0, 22.08436, -25.40267]","[15, 0, 0]","[-2.68484, 31.24949, -42.67674]","[5.36968, 2.06946, 6.66639]",0,"[0, 31.84582, -36.77023]","[12.5, 0, 0]","[-2.33805, 26.64033, -36.46766]","[4.6761, 1.45184, 5.54406]",0,"[0, 26.6874, -31.58532]","[20, 0, 0]","[-2.68484, 28.82449, -41.97674]","[5.36968, 2.19446, 6.06639]",0,"[0, 29.64582, -36.67023]","[15, 0, 0]","[-1.7899, 19.21633, -27.91782]","[3.5798, 1.32964, 4.24425]",0,"[0, 19.43054, -24.18015]","[15, 0, 0]","[-1.7899, 20.25633, -27.91782]","[3.57979, 1.32964, 4.24426]",0,"[0, 20.43054, -24.18015]","[12.5, 0, 0]","[-2.1255, 23.66939, -33.15242]","[4.251, 1.67895, 5.04005]",0,"[0, 24.26127, -28.71393]","[15, 0, 0]","[-2.34924, 26.48143, -36.64214]","[4.69848, 1.64015, 5.57059]",0,"[0, 26.81509, -31.73645]","[15, 0, 0]","[-1.51023, 15.53878, -22.65792]","[3.02045, 1.21188, 3.58109]",0,"[0, 15.97827, -19.727]","[15, 0, 0]","[-2.23737, 25.52041, -35.09728]","[4.47474, 1.76205, 5.30532]",0,"[0, 26.13818, -30.42519]","[15, 0, 0]","[-2.23737, 25.22041, -34.89728]","[4.47474, 1.56205, 5.30532]",0,"[0, 25.53818, -30.22519]","[15, 0, 0]","[-2.46111, 26.32245, -38.38701]","[4.92221, 2.02826, 5.83585]",0,"[0, 27.092, -33.24771]","[15, 0, 0]"
tail,bone,tail,,,body,,,,"[0, 25.76531, 14.0243]",,,,,"[0, 25.76531, 14.0243]",,,,,"[0, 26.96253, 15.14624]",,,,,"[0, 23.52704, 13.32309]",,,,,"[0, 26.67184, 15.42673]",,,,,"[0, 29.44184, 15.42673]",,,,,"[0, 24.76531, 14.0243]",,,,,"[0, 23.86531, 14.0243]",,,,,"[0, 30.84108, 16.78709]",,,,,"[0, 24.76531, 14.0243]",,,,,"[0, 25.76531, 14.0243]",,,,,"[0, 22.28878, 12.62187]",,,,,"[0, 32.11837, 16.82916]",,,,,"[0, 25.79325, 14.65539]",,,,,"[0, 29.91837, 16.82916]",,,,,"[0, 19.61225, 11.21944]",,,,,"[0, 20.11225, 11.21944]",,,,,"[0, 24.47704, 13.32309]",,,,,"[0, 25.47858, 14.72552]",,,,,"[0, 16.13158, 9.01641]",,,,,"[0, 25.36531, 14.0243]",,,,,"[0, 24.76531, 14.0243]",,,,,"[0, 27.34184, 15.42673]",
tail_c1,cube,tail,tail_c1,1,tail,"[-1.97647, 15.38641, 13.77775]","[3.95294, 10.87259, 4.4472]",0.05,,,"[-1.97647, 15.38641, 13.77775]","[3.95294, 10.87259, 4.4472]",0.05,,,"[-2.13859, 15.74932, 14.87597]","[4.27718, 11.7504, 4.81098]",0.05,,,"[-1.87515, 13.66959, 13.09136]","[3.7503, 10.32396, 4.21984]",0.05,,,"[-2.17912, 15.25005, 15.15053]","[4.35824, 11.96985, 4.90192]",0.05,,,"[-2.17912, 18.02005, 15.15053]","[4.35824, 11.96985, 4.90192]",0.05,,,"[-1.97647, 14.38641, 13.77775]","[3.95294, 10.87259, 4.4472]",0.05,,,"[-1.97647, 13.48641, 13.77775]","[3.95294, 10.87259, 4.4472]",0.05,,,"[-2.37568, 18.40769, 16.48212]","[4.75136, 13.03418, 5.343]",0.05,,,"[-1.97647, 14.38641, 13.77775]","[3.95294, 10.87259, 4.4472]",0.05,,,"[-1.97647, 15.38641, 13.77775]","[3.95294, 10.87259, 4.4472]",0.05,,,"[-1.77382, 12.95277, 12.40498]","[3.54764, 9.77533, 3.99248]",0.05,,,"[-2.38176, 19.65369, 16.5233]","[4.76352, 13.06711, 5.35664]",0.05,,,"[-2.06766, 14.94505, 14.3955]","[4.13532, 11.36636, 4.65183]",0.05,,,"[-2.38176, 17.45369, 16.5233]","[4.76352, 13.06711, 5.35664]",0.05,,,"[-1.57118, 11.31913, 11.0322]","[3.14236, 8.67807, 3.53776]",0.05,,,"[-1.57118, 11.81913, 11.0322]","[3.14235, 8.67807, 3.53776]",0.05,,,"[-1.87515, 12.61959, 13.09136]","[3.75029, 12.32396, 4.21984]",0.05,,,"[-2.07779, 14.57823, 14.46414]","[4.15559, 11.42122, 4.67456]",0.05,,,"[-1.31786, 9.14208, 8.86623]","[2.63573, 7.3065, 2.96936]",0.05,,,"[-1.97647, 14.98641, 13.77775]","[3.95294, 10.87259, 4.4472]",0.05,,,"[-1.97647, 14.38641, 13.77775]","[3.95294, 10.87259, 4.4472]",0.05,,,"[-2.17912, 15.92005, 15.15053]","[4.35823, 11.96985, 4.90192]",0.05,,
tail_2,bone,tail_2,,,tail,,,,"[0, 16.37436, 16.00135]",,,,,"[0, 16.37436, 16.00135]",,,,,"[0, 16.82031, 17.28146]",,,,,"[0, 14.60564, 15.20128]",,,,,"[0, 16.3418, 17.60149]",,,,,"[0, 19.1118, 17.60149]",,,,,"[0, 15.37436, 16.00135]",,,,,"[0, 14.47436, 16.00135]",,,,,"[0, 19.60011, 19.15361]",,,,,"[0, 15.37436, 16.00135]",,,,,"[0, 16.37436, 16.00135]",,,,,"[0, 13.83692, 14.40121]",,,,,"[0, 20.84923, 19.20162]",,,,,"[0, 15.97971, 16.72142]",,,,,"[0, 18.64923, 19.20162]",,,,,"[0, 12.09949, 12.80108]",,,,,"[0, 12.59949, 12.80108]",,,,,"[0, 13.55564, 15.20128]",,,,,"[0, 15.61808, 16.80142]",,,,,"[0, 9.79269, 10.35091]",,,,,"[0, 15.97436, 16.00135]",,,,,"[0, 15.37436, 16.00135]",,,,,"[0, 17.0118, 17.60149]",
tail_2_c1,cube,tail_2,tail_2_c1,1,tail_2,"[-1.48221, 7.47824, 14.27201]","[2.96442, 9.88407, 3.45868]",0.05,,,"[-1.48221, 7.47824, 14.27201]","[2.96442, 9.88407, 3.45868]",0.05,,,"[-1.60479, 7.2085, 15.40977]","[3.20958, 10.68279, 3.74338]",0.05,,,"[-1.4056, 6.15683, 13.56091]","[2.8112, 9.38486, 3.28075]",0.05,,,"[-1.63543, 6.55106, 15.69421]","[3.27086, 10.88248, 3.81455]",0.05,,,"[-1.63543, 9.32106, 15.69421]","[3.27086, 10.88248, 3.81455]",0.05,,,"[-1.48221, 6.47824, 14.27201]","[2.96442, 9.88407, 3.45868]",0.05,,,"[-1.48221, 5.57824, 14.27201]","[2.96442, 9.88407, 3.45868]",0.05,,,"[-1.78405, 8.9416, 17.07374]","[3.5681, 11.85093, 4.15975]",0.05,,,"[-1.48221, 6.47824, 14.27201]","[2.96442, 9.88407, 3.45868]",0.05,,,"[-1.48221, 7.47824, 14.27201]","[2.96442, 9.88407, 3.45868]",0.05,,,"[-1.32899, 5.83542, 12.84981]","[2.65798, 8.88566, 3.10281]",0.05,,,"[-1.78865, 10.16389, 17.11641]","[3.5773, 11.88088, 4.17042]",0.05,,,"[-1.55116, 6.68101, 14.912]","[3.10232, 10.33335, 3.61882]",0.05,,,"[-1.78865, 7.96389, 17.11641]","[3.5773, 11.88088, 4.17042]",0.05,,,"[-1.17577, 4.99259, 11.42761]","[2.35154, 7.88726, 2.74694]",0.05,,,"[-1.17577, 5.49259, 11.42761]","[2.35154, 7.88726, 2.74694]",0.05,,,"[-1.4056, 4.10683, 13.56091]","[2.8112, 10.38487, 3.28075]",0.05,,,"[-1.55882, 6.27465, 14.98311]","[3.11764, 10.38327, 3.63661]",0.05,,,"[-0.98424, 3.80406, 9.19986]","[1.96849, 6.63925, 2.30211]",0.05,,,"[-1.48221, 7.07824, 14.27201]","[2.96442, 9.88407, 3.45868]",0.05,,,"[-1.48221, 6.47824, 14.27201]","[2.96442, 9.88407, 3.45868]",0.05,,,"[-1.63543, 7.22106, 15.69421]","[3.27086, 10.88248, 3.81455]",0.05,,
mouth_c2,cube,mouth,mouth_c2,2,mouth,,,,,,,,,,,"[-2.95881, 30.42202, -38.86026]","[5.91762, 2.95116, 6.20797]",0,"[0, 29.45379, -36.00902]","[10, 0, 0]",,,,,,,,,,,,,,,,,,,,,,,,,,"[-3.27935, 33.72958, -43.30424]","[6.5587, 3.25463, 6.6826]",0,"[0, 32.75545, -39.93391]","[10, 0, 0]",,,,,,,,,,,,,,,,"[-3.28757, 34.76374, -43.2461]","[6.57514, 3.21241, 6.50886]",0,"[0, 34.03754, -40.0578]","[10, 0, 0]",,,,,,,,,,,,,,,,,,,,,,,,,,,,,,,,,,,,,,,,,,,,,,,,,,
body_piv_c6,cube,body_piv,body_piv_c6,6,body_piv,,,,,,,,,,,,,,,,,,,,,"[-5.43687, 16.6406, -15.22323]","[10.87374, 11.63112, 10.87373]",0,,,,,,,,,,,,,"[-4.94261, 14.62782, -13.8393]","[9.88522, 10.87374, 9.88521]",0,"[0, 17.59339, 0]","[2.5, 0, 0]",,,,,,,,,,,,,,,,,,,,,,,,,,"[-5.16503, 16.09357, -14.46207]","[10.33006, 10.76456, 10.33005]",0,,,,,,,,,,,,,,,,,,,,,,,"[-5.18974, 15.56921, -14.53126]","[10.37948, 11.41743, 10.37947]",0,,,,,,,,"[-4.94261, 15.42782, -13.8393]","[9.88522, 10.87374, 9.88521]",0,,,,,,,,,,,,
left_ear_c2,cube,left_ear,left_ear_c2,2,left_ear,,,,,,,,,,,,,,,,,,,,,,,,,,,,,,,,,,,,,,,,,,,,,,,,,,,"[0.31259, 32.02813, -24.4475]","[2.37436, 2.86155, 1.28718]",-0.1,"[1.59013, 33.69762, -23.8065]","[-5, 0, -12.5]",,,,,,,,,,,,,,,,,,,,,,,,,,,,,,,,,,,,,,,,,,,,,,,,,,,,,,,,,,,,
right_ear_c2,cube,right_ear,right_ear_c2,2,right_ear,,,,,,,,,,,,,,,,,,,,,,,,,,,,,,,,,,,,,,,,,,,,,,,,,,,"[-2.68695, 32.02813, -24.4475]","[2.37436, 2.86155, 1.28718]",-0.1,"[-1.59013, 33.69762, -23.8065]","[-5, 0, 12.5]",,,,,,,,,,,,,,,,,,,,,,,,,,,,,,,,,,,,,,,,,,,,,,,,,,,,,,,,,,,,
